# module.church.install.sql
# 1.0.0 (2012-03-14)
#   1) Initial Release

# System Feature
  UPDATE `system` SET `features` = CONCAT(REPLACE(`features`,'module-church',''),', module-church') WHERE `ID` = $systemID;

# Administer Prayer Requests report and form
  INSERT INTO `report`                 (`ID`,`archive`,`archiveID`,`name`,`systemID`,`icon`,`seq`,`tab`,`label`,`archiveChanges`,`description`,`formComponentID`,`formTitle`,`help`,`listTypeID`,`permCOMMUNITYADMIN`,`permGROUPVIEWER`,`permGROUPEDITOR`,`permGROUPAPPROVER`,`permGROUPADMIN`,`permMASTERADMIN`,`permPUBLIC`,`permSYSADMIN`,`permSYSAPPROVER`,`permSYSEDITOR`,`permSYSLOGON`,`permSYSMEMBER`,`permUSERADMIN`,`popupFormHeight`,`popupFormWidth`,`primaryObject`,`primaryTable`,`reportComponentID`,`reportGroupBy`,`reportMembersGlobalEditors`,`reportSortBy`,`reportSQL_COMMUNITYADMIN`,`reportSQL_GROUPADMIN`,`reportSQL_MASTERADMIN`,`reportSQL_SYSADMIN`,`reportTitle`,`required_feature`,`history_created_by`,`history_created_date`,`history_created_IP`,`history_modified_by`,`history_modified_date`,`history_modified_IP`) VALUES (467924682,0,0,'module.church.prayer-requests-report',1,'',0,'','',0,'Used for handling prayer requests',1,'Prayer Request','',1,0,1,1,1,1,1,0,1,1,1,0,1,0,400,760,'Church','postings',1,'',0,1824720501,'','','SELECT\r\n  (SELECT `system`.`textEnglish` FROM `system` WHERE `system`.`ID` = `postings`.`systemID`) AS `systemTitle`,\r\n  COALESCE((SELECT IF(`person`.`ID` IS NULL,\'(none)\',`person`.`PUsername`) FROM \r\n`person` WHERE\r\n  `postings`.`history_modified_by` = `person`.`ID`),\'\') AS `modified_by`,\r\n  `postings`.*\r\nFROM\r\n  `postings`\r\nWHERE\r\n  `postings`.`type`=\'prayer-request\'','SELECT\r\n  (SELECT `system`.`textEnglish` FROM `system` WHERE `system`.`ID` = `postings`.`systemID`) AS `systemTitle`,\r\n  COALESCE((SELECT IF(`person`.`ID` IS NULL,\'(none)\',`person`.`PUsername`) FROM \r\n`person` WHERE\r\n  `postings`.`history_modified_by` = `person`.`ID`),\'\') AS `modified_by`,\r\n  `postings`.*\r\nFROM\r\n  `postings`\r\nWHERE\r\n  `postings`.`type`=\'prayer-request\' AND\r\n  `postings`.`systemID` = SYS_ID','Manage Prayer Requests','module-church',1,'2007-02-12 16:44:07','127.0.0.1',1,'2011-01-17 19:29:12','127.0.0.1');
  INSERT INTO `report_columns`         (`ID`,`archive`,`archiveID`,`systemID`,`reportID`,`group_assign_csv`,`seq`,`tab`,`defaultValue`,`fieldType`,`formField`,`formFieldHeight`,`formFieldSpecial`,`formFieldTooltip`,`formFieldUnique`,`formFieldWidth`,`formLabel`,`formSelectorSQLMaster`,`formSelectorSQLMember`,`permCOMMUNITYADMIN`,`permGROUPVIEWER`,`permGROUPEDITOR`,`permGROUPAPPROVER`,`permGROUPADMIN`,`permMASTERADMIN`,`permPUBLIC`,`permSYSADMIN`,`permSYSAPPROVER`,`permSYSEDITOR`,`permSYSLOGON`,`permSYSMEMBER`,`permUSERADMIN`,`reportField`,`reportFieldSpecial`,`reportFilter`,`reportFilterLabel`,`reportLabel`,`reportSortBy_AZ`,`reportSortBy_a`,`reportSortBy_d`,`required_feature`,`required_feature_invert`,`history_created_by`,`history_created_date`,`history_created_IP`,`history_modified_by`,`history_modified_date`,`history_modified_IP`) VALUES (55490699,0,0,1,467924682,'',0,'','','selected_delete','',0,'','',0,0,'','','',0,2,2,2,2,2,2,2,2,2,2,2,0,'','','','','',0,'','','module-church',0,1,'2007-02-12 19:35:19','127.0.0.1',1,'2009-11-05 21:41:53','76.64.58.243');
  INSERT INTO `report_columns`         (`ID`,`archive`,`archiveID`,`systemID`,`reportID`,`group_assign_csv`,`seq`,`tab`,`defaultValue`,`fieldType`,`formField`,`formFieldHeight`,`formFieldSpecial`,`formFieldTooltip`,`formFieldUnique`,`formFieldWidth`,`formLabel`,`formSelectorSQLMaster`,`formSelectorSQLMember`,`permCOMMUNITYADMIN`,`permGROUPVIEWER`,`permGROUPEDITOR`,`permGROUPAPPROVER`,`permGROUPADMIN`,`permMASTERADMIN`,`permPUBLIC`,`permSYSADMIN`,`permSYSAPPROVER`,`permSYSEDITOR`,`permSYSLOGON`,`permSYSMEMBER`,`permUSERADMIN`,`reportField`,`reportFieldSpecial`,`reportFilter`,`reportFilterLabel`,`reportLabel`,`reportSortBy_AZ`,`reportSortBy_a`,`reportSortBy_d`,`required_feature`,`required_feature_invert`,`history_created_by`,`history_created_date`,`history_created_IP`,`history_modified_by`,`history_modified_date`,`history_modified_IP`) VALUES (89080796,0,0,1,467924682,'',0,'','','hidden','ID',0,'','',0,0,'','','',0,2,2,2,2,2,2,2,2,2,2,2,0,'','','','','',0,'','','module-church',0,1,'2007-02-12 16:44:07','127.0.0.1',1,'2009-11-05 21:41:53','76.64.58.243');
  INSERT INTO `report_columns`         (`ID`,`archive`,`archiveID`,`systemID`,`reportID`,`group_assign_csv`,`seq`,`tab`,`defaultValue`,`fieldType`,`formField`,`formFieldHeight`,`formFieldSpecial`,`formFieldTooltip`,`formFieldUnique`,`formFieldWidth`,`formLabel`,`formSelectorSQLMaster`,`formSelectorSQLMember`,`permCOMMUNITYADMIN`,`permGROUPVIEWER`,`permGROUPEDITOR`,`permGROUPAPPROVER`,`permGROUPADMIN`,`permMASTERADMIN`,`permPUBLIC`,`permSYSADMIN`,`permSYSAPPROVER`,`permSYSEDITOR`,`permSYSLOGON`,`permSYSMEMBER`,`permUSERADMIN`,`reportField`,`reportFieldSpecial`,`reportFilter`,`reportFilterLabel`,`reportLabel`,`reportSortBy_AZ`,`reportSortBy_a`,`reportSortBy_d`,`required_feature`,`required_feature_invert`,`history_created_by`,`history_created_date`,`history_created_IP`,`history_modified_by`,`history_modified_date`,`history_modified_IP`) VALUES (171408989,0,0,1,467924682,'',0,'','','selected_update','',0,'','',0,0,'','','',0,2,2,2,2,2,2,2,2,2,2,2,0,'','','','','',0,'','','module-church',0,1,'2007-02-12 19:34:45','127.0.0.1',1,'2009-11-05 21:41:53','76.64.58.243');
  INSERT INTO `report_columns`         (`ID`,`archive`,`archiveID`,`systemID`,`reportID`,`group_assign_csv`,`seq`,`tab`,`defaultValue`,`fieldType`,`formField`,`formFieldHeight`,`formFieldSpecial`,`formFieldTooltip`,`formFieldUnique`,`formFieldWidth`,`formLabel`,`formSelectorSQLMaster`,`formSelectorSQLMember`,`permCOMMUNITYADMIN`,`permGROUPVIEWER`,`permGROUPEDITOR`,`permGROUPAPPROVER`,`permGROUPADMIN`,`permMASTERADMIN`,`permPUBLIC`,`permSYSADMIN`,`permSYSAPPROVER`,`permSYSEDITOR`,`permSYSLOGON`,`permSYSMEMBER`,`permUSERADMIN`,`reportField`,`reportFieldSpecial`,`reportFilter`,`reportFilterLabel`,`reportLabel`,`reportSortBy_AZ`,`reportSortBy_a`,`reportSortBy_d`,`required_feature`,`required_feature_invert`,`history_created_by`,`history_created_date`,`history_created_IP`,`history_modified_by`,`history_modified_date`,`history_modified_IP`) VALUES (776085114,0,0,1,467924682,'',0,'','','button_add_new','',0,'','',0,0,'','','',0,2,2,2,2,2,2,2,2,2,2,2,0,'','','','','',0,'','','module-church',0,1,'2007-02-12 16:50:32','127.0.0.1',1,'2009-11-05 21:41:53','76.64.58.243');
  INSERT INTO `report_columns`         (`ID`,`archive`,`archiveID`,`systemID`,`reportID`,`group_assign_csv`,`seq`,`tab`,`defaultValue`,`fieldType`,`formField`,`formFieldHeight`,`formFieldSpecial`,`formFieldTooltip`,`formFieldUnique`,`formFieldWidth`,`formLabel`,`formSelectorSQLMaster`,`formSelectorSQLMember`,`permCOMMUNITYADMIN`,`permGROUPVIEWER`,`permGROUPEDITOR`,`permGROUPAPPROVER`,`permGROUPADMIN`,`permMASTERADMIN`,`permPUBLIC`,`permSYSADMIN`,`permSYSAPPROVER`,`permSYSEDITOR`,`permSYSLOGON`,`permSYSMEMBER`,`permUSERADMIN`,`reportField`,`reportFieldSpecial`,`reportFilter`,`reportFilterLabel`,`reportLabel`,`reportSortBy_AZ`,`reportSortBy_a`,`reportSortBy_d`,`required_feature`,`required_feature_invert`,`history_created_by`,`history_created_date`,`history_created_IP`,`history_modified_by`,`history_modified_date`,`history_modified_IP`) VALUES (2119295183,0,0,1,467924682,'',0,'','','selected_export_sql','ID',0,'','',0,0,'','','',0,0,0,0,0,2,0,2,0,0,0,0,0,'','','','','',0,'','','module-church',0,1,'2009-11-05 23:08:35','127.0.0.1',1,'2009-11-05 23:09:10','127.0.0.1');
  INSERT INTO `report_columns`         (`ID`,`archive`,`archiveID`,`systemID`,`reportID`,`group_assign_csv`,`seq`,`tab`,`defaultValue`,`fieldType`,`formField`,`formFieldHeight`,`formFieldSpecial`,`formFieldTooltip`,`formFieldUnique`,`formFieldWidth`,`formLabel`,`formSelectorSQLMaster`,`formSelectorSQLMember`,`permCOMMUNITYADMIN`,`permGROUPVIEWER`,`permGROUPEDITOR`,`permGROUPAPPROVER`,`permGROUPADMIN`,`permMASTERADMIN`,`permPUBLIC`,`permSYSADMIN`,`permSYSAPPROVER`,`permSYSEDITOR`,`permSYSLOGON`,`permSYSMEMBER`,`permUSERADMIN`,`reportField`,`reportFieldSpecial`,`reportFilter`,`reportFilterLabel`,`reportLabel`,`reportSortBy_AZ`,`reportSortBy_a`,`reportSortBy_d`,`required_feature`,`required_feature_invert`,`history_created_by`,`history_created_date`,`history_created_IP`,`history_modified_by`,`history_modified_date`,`history_modified_IP`) VALUES (1690777661,0,0,1,467924682,'',1,'','','checkbox','',0,'','',0,0,'','','',0,2,2,2,2,2,2,2,2,2,2,2,0,'ID','','','','',0,'','','module-church',0,1,'2007-02-12 19:33:14','127.0.0.1',1,'2009-11-05 21:41:53','76.64.58.243');
  INSERT INTO `report_columns`         (`ID`,`archive`,`archiveID`,`systemID`,`reportID`,`group_assign_csv`,`seq`,`tab`,`defaultValue`,`fieldType`,`formField`,`formFieldHeight`,`formFieldSpecial`,`formFieldTooltip`,`formFieldUnique`,`formFieldWidth`,`formLabel`,`formSelectorSQLMaster`,`formSelectorSQLMember`,`permCOMMUNITYADMIN`,`permGROUPVIEWER`,`permGROUPEDITOR`,`permGROUPAPPROVER`,`permGROUPADMIN`,`permMASTERADMIN`,`permPUBLIC`,`permSYSADMIN`,`permSYSAPPROVER`,`permSYSEDITOR`,`permSYSLOGON`,`permSYSMEMBER`,`permUSERADMIN`,`reportField`,`reportFieldSpecial`,`reportFilter`,`reportFilterLabel`,`reportLabel`,`reportSortBy_AZ`,`reportSortBy_a`,`reportSortBy_d`,`required_feature`,`required_feature_invert`,`history_created_by`,`history_created_date`,`history_created_IP`,`history_modified_by`,`history_modified_date`,`history_modified_IP`) VALUES (389060315,0,0,1,467924682,'',101,'1.General','SYS_ID','selector','systemID',0,'','',0,0,'Site','SELECT\r\n  `ID` AS `value`,\r\n  `textEnglish` AS `text`\r\nFROM\r\n  `system`\r\nORDER BY\r\n  `text`','SELECT\r\n  `ID` AS `value`,\r\n  `textEnglish` AS `text`\r\nFROM\r\n  `system`\r\nWHERE\r\n  `system`.`ID` = SYS_ID',0,2,2,2,2,2,2,2,2,2,2,2,0,'systemTitle','','(SELECT `system`.`textEnglish` FROM `system` WHERE `system`.`ID` = `postings`.`systemID`)','Site','Site',1,'`systemTitle` ASC, `history_created_date`','`systemTitle` DESC, `history_created_date`','module-church',0,1,'2007-02-12 16:44:07','127.0.0.1',1,'2009-11-05 23:07:55','127.0.0.1');
  INSERT INTO `report_columns`         (`ID`,`archive`,`archiveID`,`systemID`,`reportID`,`group_assign_csv`,`seq`,`tab`,`defaultValue`,`fieldType`,`formField`,`formFieldHeight`,`formFieldSpecial`,`formFieldTooltip`,`formFieldUnique`,`formFieldWidth`,`formLabel`,`formSelectorSQLMaster`,`formSelectorSQLMember`,`permCOMMUNITYADMIN`,`permGROUPVIEWER`,`permGROUPEDITOR`,`permGROUPAPPROVER`,`permGROUPADMIN`,`permMASTERADMIN`,`permPUBLIC`,`permSYSADMIN`,`permSYSAPPROVER`,`permSYSEDITOR`,`permSYSLOGON`,`permSYSMEMBER`,`permUSERADMIN`,`reportField`,`reportFieldSpecial`,`reportFilter`,`reportFilterLabel`,`reportLabel`,`reportSortBy_AZ`,`reportSortBy_a`,`reportSortBy_d`,`required_feature`,`required_feature_invert`,`history_created_by`,`history_created_date`,`history_created_IP`,`history_modified_by`,`history_modified_date`,`history_modified_IP`) VALUES (480587156,0,0,1,467924682,'',102,'1.General','','radio_listdata','status',0,'module.church.prayer-request-status','',0,0,'Status','','',0,2,2,2,2,2,2,2,2,2,2,2,0,'status','','`postings`.`status`','Status','Status',1,'`postings`.`status` ASC','`postings`.`status` DESC','module-church',0,1,'2007-02-12 17:33:36','127.0.0.1',1,'2009-11-05 23:07:55','127.0.0.1');
  INSERT INTO `report_columns`         (`ID`,`archive`,`archiveID`,`systemID`,`reportID`,`group_assign_csv`,`seq`,`tab`,`defaultValue`,`fieldType`,`formField`,`formFieldHeight`,`formFieldSpecial`,`formFieldTooltip`,`formFieldUnique`,`formFieldWidth`,`formLabel`,`formSelectorSQLMaster`,`formSelectorSQLMember`,`permCOMMUNITYADMIN`,`permGROUPVIEWER`,`permGROUPEDITOR`,`permGROUPAPPROVER`,`permGROUPADMIN`,`permMASTERADMIN`,`permPUBLIC`,`permSYSADMIN`,`permSYSAPPROVER`,`permSYSEDITOR`,`permSYSLOGON`,`permSYSMEMBER`,`permUSERADMIN`,`reportField`,`reportFieldSpecial`,`reportFilter`,`reportFilterLabel`,`reportLabel`,`reportSortBy_AZ`,`reportSortBy_a`,`reportSortBy_d`,`required_feature`,`required_feature_invert`,`history_created_by`,`history_created_date`,`history_created_IP`,`history_modified_by`,`history_modified_date`,`history_modified_IP`) VALUES (1885119193,0,0,1,467924682,'',103,'1.General','','edit','xml:NName',0,'','',0,0,'Name','','',0,2,2,2,2,2,2,2,2,2,2,2,0,'xml:NName','','xml:NName','Name','Name',1,'xml:NName ASC','xml:NName DESC','module-church',0,1,'2007-02-12 16:44:07','127.0.0.1',1,'2009-11-05 22:38:40','127.0.0.1');
  INSERT INTO `report_columns`         (`ID`,`archive`,`archiveID`,`systemID`,`reportID`,`group_assign_csv`,`seq`,`tab`,`defaultValue`,`fieldType`,`formField`,`formFieldHeight`,`formFieldSpecial`,`formFieldTooltip`,`formFieldUnique`,`formFieldWidth`,`formLabel`,`formSelectorSQLMaster`,`formSelectorSQLMember`,`permCOMMUNITYADMIN`,`permGROUPVIEWER`,`permGROUPEDITOR`,`permGROUPAPPROVER`,`permGROUPADMIN`,`permMASTERADMIN`,`permPUBLIC`,`permSYSADMIN`,`permSYSAPPROVER`,`permSYSEDITOR`,`permSYSLOGON`,`permSYSMEMBER`,`permUSERADMIN`,`reportField`,`reportFieldSpecial`,`reportFilter`,`reportFilterLabel`,`reportLabel`,`reportSortBy_AZ`,`reportSortBy_a`,`reportSortBy_d`,`required_feature`,`required_feature_invert`,`history_created_by`,`history_created_date`,`history_created_IP`,`history_modified_by`,`history_modified_date`,`history_modified_IP`) VALUES (535094427,0,0,1,467924682,'',104,'1.General','','email','xml:AEmail',0,'','',0,0,'Contact Email','','',0,2,2,2,2,2,2,2,2,2,2,2,0,'xml:AEmail','','xml:AEmail','Contact Email','Contact Email',1,'xml:AEmail ASC','xml:AEmail DESC','module-church',0,1,'2007-02-12 17:18:01','127.0.0.1',1,'2009-11-05 22:41:02','127.0.0.1');
  INSERT INTO `report_columns`         (`ID`,`archive`,`archiveID`,`systemID`,`reportID`,`group_assign_csv`,`seq`,`tab`,`defaultValue`,`fieldType`,`formField`,`formFieldHeight`,`formFieldSpecial`,`formFieldTooltip`,`formFieldUnique`,`formFieldWidth`,`formLabel`,`formSelectorSQLMaster`,`formSelectorSQLMember`,`permCOMMUNITYADMIN`,`permGROUPVIEWER`,`permGROUPEDITOR`,`permGROUPAPPROVER`,`permGROUPADMIN`,`permMASTERADMIN`,`permPUBLIC`,`permSYSADMIN`,`permSYSAPPROVER`,`permSYSEDITOR`,`permSYSLOGON`,`permSYSMEMBER`,`permUSERADMIN`,`reportField`,`reportFieldSpecial`,`reportFilter`,`reportFilterLabel`,`reportLabel`,`reportSortBy_AZ`,`reportSortBy_a`,`reportSortBy_d`,`required_feature`,`required_feature_invert`,`history_created_by`,`history_created_date`,`history_created_IP`,`history_modified_by`,`history_modified_date`,`history_modified_IP`) VALUES (1893683742,0,0,1,467924682,'',105,'1.General','','text','xml:ATelephone',0,'','',0,0,'Contact Telephone','','',0,2,2,2,2,2,2,2,2,2,2,2,0,'xml:ATelephone','','xml:ATelephone','Contact Telephone','Contact Telephone',1,'xml:ATelephone ASC','xml:ATelephone DESC','module-church',0,1,'2007-02-12 17:16:05','127.0.0.1',1,'2009-11-05 22:41:23','127.0.0.1');
  INSERT INTO `report_columns`         (`ID`,`archive`,`archiveID`,`systemID`,`reportID`,`group_assign_csv`,`seq`,`tab`,`defaultValue`,`fieldType`,`formField`,`formFieldHeight`,`formFieldSpecial`,`formFieldTooltip`,`formFieldUnique`,`formFieldWidth`,`formLabel`,`formSelectorSQLMaster`,`formSelectorSQLMember`,`permCOMMUNITYADMIN`,`permGROUPVIEWER`,`permGROUPEDITOR`,`permGROUPAPPROVER`,`permGROUPADMIN`,`permMASTERADMIN`,`permPUBLIC`,`permSYSADMIN`,`permSYSAPPROVER`,`permSYSEDITOR`,`permSYSLOGON`,`permSYSMEMBER`,`permUSERADMIN`,`reportField`,`reportFieldSpecial`,`reportFilter`,`reportFilterLabel`,`reportLabel`,`reportSortBy_AZ`,`reportSortBy_a`,`reportSortBy_d`,`required_feature`,`required_feature_invert`,`history_created_by`,`history_created_date`,`history_created_IP`,`history_modified_by`,`history_modified_date`,`history_modified_IP`) VALUES (907990869,0,0,1,467924682,'',200,'2.Request','','text','xml:summary',0,'','',0,0,'Summary (Admins)','','',0,2,2,2,2,2,2,2,2,2,2,2,0,'xml:summary','','xml:summary','Summary','Summary<br />(Admins)',1,'xml:summary ASC','xml:summary DESC','module-church',0,1,'2007-02-12 17:21:42','127.0.0.1',1,'2009-11-05 22:42:22','127.0.0.1');
  INSERT INTO `report_columns`         (`ID`,`archive`,`archiveID`,`systemID`,`reportID`,`group_assign_csv`,`seq`,`tab`,`defaultValue`,`fieldType`,`formField`,`formFieldHeight`,`formFieldSpecial`,`formFieldTooltip`,`formFieldUnique`,`formFieldWidth`,`formLabel`,`formSelectorSQLMaster`,`formSelectorSQLMember`,`permCOMMUNITYADMIN`,`permGROUPVIEWER`,`permGROUPEDITOR`,`permGROUPAPPROVER`,`permGROUPADMIN`,`permMASTERADMIN`,`permPUBLIC`,`permSYSADMIN`,`permSYSAPPROVER`,`permSYSEDITOR`,`permSYSLOGON`,`permSYSMEMBER`,`permUSERADMIN`,`reportField`,`reportFieldSpecial`,`reportFilter`,`reportFilterLabel`,`reportLabel`,`reportSortBy_AZ`,`reportSortBy_a`,`reportSortBy_d`,`required_feature`,`required_feature_invert`,`history_created_by`,`history_created_date`,`history_created_IP`,`history_modified_by`,`history_modified_date`,`history_modified_IP`) VALUES (2039345837,0,0,1,467924682,'',201,'2.Request','','textarea_big','content',0,'','',0,0,'Description','','',0,2,2,2,2,2,2,2,2,2,2,2,0,'','','`postings`.`content`','Description','',0,'','','module-church',0,1,'2007-02-12 17:19:29','127.0.0.1',1,'2009-11-05 22:54:55','127.0.0.1');
  INSERT INTO `report_columns`         (`ID`,`archive`,`archiveID`,`systemID`,`reportID`,`group_assign_csv`,`seq`,`tab`,`defaultValue`,`fieldType`,`formField`,`formFieldHeight`,`formFieldSpecial`,`formFieldTooltip`,`formFieldUnique`,`formFieldWidth`,`formLabel`,`formSelectorSQLMaster`,`formSelectorSQLMember`,`permCOMMUNITYADMIN`,`permGROUPVIEWER`,`permGROUPEDITOR`,`permGROUPAPPROVER`,`permGROUPADMIN`,`permMASTERADMIN`,`permPUBLIC`,`permSYSADMIN`,`permSYSAPPROVER`,`permSYSEDITOR`,`permSYSLOGON`,`permSYSMEMBER`,`permUSERADMIN`,`reportField`,`reportFieldSpecial`,`reportFilter`,`reportFilterLabel`,`reportLabel`,`reportSortBy_AZ`,`reportSortBy_a`,`reportSortBy_d`,`required_feature`,`required_feature_invert`,`history_created_by`,`history_created_date`,`history_created_IP`,`history_modified_by`,`history_modified_date`,`history_modified_IP`) VALUES (859051107,0,0,1,467924682,'',301,'3.Notes','','textarea_big','xml:notes',0,'','',0,0,'Notes','','',0,2,2,2,2,2,2,2,2,2,2,2,0,'','','xml:notes','Notes','',0,'','','module-church',0,1,'2007-02-12 18:43:50','127.0.0.1',1,'2009-11-05 22:47:29','127.0.0.1');
  INSERT INTO `report_columns`         (`ID`,`archive`,`archiveID`,`systemID`,`reportID`,`group_assign_csv`,`seq`,`tab`,`defaultValue`,`fieldType`,`formField`,`formFieldHeight`,`formFieldSpecial`,`formFieldTooltip`,`formFieldUnique`,`formFieldWidth`,`formLabel`,`formSelectorSQLMaster`,`formSelectorSQLMember`,`permCOMMUNITYADMIN`,`permGROUPVIEWER`,`permGROUPEDITOR`,`permGROUPAPPROVER`,`permGROUPADMIN`,`permMASTERADMIN`,`permPUBLIC`,`permSYSADMIN`,`permSYSAPPROVER`,`permSYSEDITOR`,`permSYSLOGON`,`permSYSMEMBER`,`permUSERADMIN`,`reportField`,`reportFieldSpecial`,`reportFilter`,`reportFilterLabel`,`reportLabel`,`reportSortBy_AZ`,`reportSortBy_a`,`reportSortBy_d`,`required_feature`,`required_feature_invert`,`history_created_by`,`history_created_date`,`history_created_IP`,`history_modified_by`,`history_modified_date`,`history_modified_IP`) VALUES (1824720501,0,0,1,467924682,'',401,'4.History','','datetime','history_created_date',0,'','',0,0,'Created','','',0,1,1,1,1,1,1,1,1,1,1,1,0,'history_created_date','','`postings`.`history_created_date`','Created','Created',0,'`postings`.`history_created_date` ASC','`postings`.`history_created_date` DESC','module-church',0,1,'2007-02-12 16:57:59','127.0.0.1',1,'2011-01-17 20:37:53','127.0.0.1');
  INSERT INTO `report_columns`         (`ID`,`archive`,`archiveID`,`systemID`,`reportID`,`group_assign_csv`,`seq`,`tab`,`defaultValue`,`fieldType`,`formField`,`formFieldHeight`,`formFieldSpecial`,`formFieldTooltip`,`formFieldUnique`,`formFieldWidth`,`formLabel`,`formSelectorSQLMaster`,`formSelectorSQLMember`,`permCOMMUNITYADMIN`,`permGROUPVIEWER`,`permGROUPEDITOR`,`permGROUPAPPROVER`,`permGROUPADMIN`,`permMASTERADMIN`,`permPUBLIC`,`permSYSADMIN`,`permSYSAPPROVER`,`permSYSEDITOR`,`permSYSLOGON`,`permSYSMEMBER`,`permUSERADMIN`,`reportField`,`reportFieldSpecial`,`reportFilter`,`reportFilterLabel`,`reportLabel`,`reportSortBy_AZ`,`reportSortBy_a`,`reportSortBy_d`,`required_feature`,`required_feature_invert`,`history_created_by`,`history_created_date`,`history_created_IP`,`history_modified_by`,`history_modified_date`,`history_modified_IP`) VALUES (63549619,0,0,1,467924682,'',402,'4.History','','datetime','history_modified_date',0,'','',0,0,'Modified','','',0,1,1,1,1,1,1,1,1,1,1,1,0,'history_modified_date','','`postings`.`history_modified_date`','Modified','Modified',0,'`postings`.`history_modified_date` ASC','`postings`.`history_modified_date` DESC','module-church',0,1,'2007-02-12 17:00:47','127.0.0.1',1,'2011-01-17 20:38:03','127.0.0.1');
  INSERT INTO `report_columns`         (`ID`,`archive`,`archiveID`,`systemID`,`reportID`,`group_assign_csv`,`seq`,`tab`,`defaultValue`,`fieldType`,`formField`,`formFieldHeight`,`formFieldSpecial`,`formFieldTooltip`,`formFieldUnique`,`formFieldWidth`,`formLabel`,`formSelectorSQLMaster`,`formSelectorSQLMember`,`permCOMMUNITYADMIN`,`permGROUPVIEWER`,`permGROUPEDITOR`,`permGROUPAPPROVER`,`permGROUPADMIN`,`permMASTERADMIN`,`permPUBLIC`,`permSYSADMIN`,`permSYSAPPROVER`,`permSYSEDITOR`,`permSYSLOGON`,`permSYSMEMBER`,`permUSERADMIN`,`reportField`,`reportFieldSpecial`,`reportFilter`,`reportFilterLabel`,`reportLabel`,`reportSortBy_AZ`,`reportSortBy_a`,`reportSortBy_d`,`required_feature`,`required_feature_invert`,`history_created_by`,`history_created_date`,`history_created_IP`,`history_modified_by`,`history_modified_date`,`history_modified_IP`) VALUES (122959328,0,0,1,467924682,'',403,'4.History','','text','',0,'','',0,0,'','','',0,1,1,1,1,1,1,1,1,1,1,1,0,'modified_by','','','','Modified By',1,'`modified_by` ASC','`modified_by` DESC','module-church',0,1,'2007-02-12 16:59:25','127.0.0.1',1,'2009-11-05 21:41:53','76.64.58.243');
  INSERT INTO `report_filter`          (`ID`,`archive`,`archiveID`,`systemID`,`destinationID`,`destinationType`,`label`,`reportID`,`seq`,`history_created_by`,`history_created_date`,`history_created_IP`,`history_modified_by`,`history_modified_date`,`history_modified_IP`) VALUES (538332041,0,0,1,0,'global','Active',467924682,0,1,'2011-01-17 20:39:01','127.0.0.1',1,'2011-01-17 20:39:09','127.0.0.1');
  INSERT INTO `report_filter`          (`ID`,`archive`,`archiveID`,`systemID`,`destinationID`,`destinationType`,`label`,`reportID`,`seq`,`history_created_by`,`history_created_date`,`history_created_IP`,`history_modified_by`,`history_modified_date`,`history_modified_IP`) VALUES (583797695,0,0,1,0,'global','New',467924682,6,1,'2009-11-05 22:52:20','127.0.0.1',1,'2009-11-05 22:53:15','127.0.0.1');
  INSERT INTO `report_filter`          (`ID`,`archive`,`archiveID`,`systemID`,`destinationID`,`destinationType`,`label`,`reportID`,`seq`,`history_created_by`,`history_created_date`,`history_created_IP`,`history_modified_by`,`history_modified_date`,`history_modified_IP`) VALUES (682357359,0,0,1,0,'global','+This Year',467924682,5,1,'2009-11-05 22:51:05','127.0.0.1',1,'2009-11-05 22:51:47','127.0.0.1');
  INSERT INTO `report_filter`          (`ID`,`archive`,`archiveID`,`systemID`,`destinationID`,`destinationType`,`label`,`reportID`,`seq`,`history_created_by`,`history_created_date`,`history_created_IP`,`history_modified_by`,`history_modified_date`,`history_modified_IP`) VALUES (1287588844,0,0,1,0,'global','(All)',467924682,1,723513209,'2009-02-02 22:04:18','99.238.90.119',1,'2009-11-05 21:34:00','76.64.58.243');
  INSERT INTO `report_filter`          (`ID`,`archive`,`archiveID`,`systemID`,`destinationID`,`destinationType`,`label`,`reportID`,`seq`,`history_created_by`,`history_created_date`,`history_created_IP`,`history_modified_by`,`history_modified_date`,`history_modified_IP`) VALUES (1696635216,0,0,1,0,'global','Cancelled',467924682,7,1,'2009-11-05 22:52:36','127.0.0.1',1,'2009-11-05 22:53:21','127.0.0.1');
  INSERT INTO `report_filter`          (`ID`,`archive`,`archiveID`,`systemID`,`destinationID`,`destinationType`,`label`,`reportID`,`seq`,`history_created_by`,`history_created_date`,`history_created_IP`,`history_modified_by`,`history_modified_date`,`history_modified_IP`) VALUES (1939042406,0,0,1,0,'global','+This Week',467924682,3,1,'2009-11-05 22:50:31','127.0.0.1',1,'2009-11-05 22:51:39','127.0.0.1');
  INSERT INTO `report_filter`          (`ID`,`archive`,`archiveID`,`systemID`,`destinationID`,`destinationType`,`label`,`reportID`,`seq`,`history_created_by`,`history_created_date`,`history_created_IP`,`history_modified_by`,`history_modified_date`,`history_modified_IP`) VALUES (2055578795,0,0,1,0,'global','+Today',467924682,2,1,'2009-11-05 22:50:18','127.0.0.1',1,'2009-11-05 22:51:35','127.0.0.1');
  INSERT INTO `report_filter`          (`ID`,`archive`,`archiveID`,`systemID`,`destinationID`,`destinationType`,`label`,`reportID`,`seq`,`history_created_by`,`history_created_date`,`history_created_IP`,`history_modified_by`,`history_modified_date`,`history_modified_IP`) VALUES (2082723890,0,0,1,0,'global','+This Month',467924682,4,1,'2009-11-05 22:50:54','127.0.0.1',1,'2009-11-05 22:51:43','127.0.0.1');
  INSERT INTO `report_filter`          (`ID`,`archive`,`archiveID`,`systemID`,`destinationID`,`destinationType`,`label`,`reportID`,`seq`,`history_created_by`,`history_created_date`,`history_created_IP`,`history_modified_by`,`history_modified_date`,`history_modified_IP`) VALUES (2130198884,0,0,1,0,'global','Resolved',467924682,8,1,'2009-11-05 22:52:56','127.0.0.1',1,'2009-11-05 22:53:28','127.0.0.1');
  INSERT INTO `report_filter_criteria` (`ID`,`archive`,`archiveID`,`systemID`,`filterID`,`filter_criterion`,`filter_matchmodeID`,`filter_seq`,`filter_value`,`history_created_by`,`history_created_date`,`history_created_IP`,`history_modified_by`,`history_modified_date`,`history_modified_IP`) VALUES (507534291,0,0,1,583797695,'480587156','1',1,'New',1,'2009-11-05 22:52:20','127.0.0.1',0,'0000-00-00 00:00:00','');
  INSERT INTO `report_filter_criteria` (`ID`,`archive`,`archiveID`,`systemID`,`filterID`,`filter_criterion`,`filter_matchmodeID`,`filter_seq`,`filter_value`,`history_created_by`,`history_created_date`,`history_created_IP`,`history_modified_by`,`history_modified_date`,`history_modified_IP`) VALUES (897936662,0,0,1,2130198884,'480587156','1',1,'Resolved',1,'2009-11-05 22:52:56','127.0.0.1',0,'0000-00-00 00:00:00','');
  INSERT INTO `report_filter_criteria` (`ID`,`archive`,`archiveID`,`systemID`,`filterID`,`filter_criterion`,`filter_matchmodeID`,`filter_seq`,`filter_value`,`history_created_by`,`history_created_date`,`history_created_IP`,`history_modified_by`,`history_modified_date`,`history_modified_IP`) VALUES (900309940,0,0,1,2082723890,'1824720501','11',1,'THIS_MONTH',1,'2009-11-05 22:50:54','127.0.0.1',0,'0000-00-00 00:00:00','');
  INSERT INTO `report_filter_criteria` (`ID`,`archive`,`archiveID`,`systemID`,`filterID`,`filter_criterion`,`filter_matchmodeID`,`filter_seq`,`filter_value`,`history_created_by`,`history_created_date`,`history_created_IP`,`history_modified_by`,`history_modified_date`,`history_modified_IP`) VALUES (1120767228,0,0,1,538332041,'480587156','1',1,'Active',1,'2011-01-17 20:39:01','127.0.0.1',0,'0000-00-00 00:00:00','');
  INSERT INTO `report_filter_criteria` (`ID`,`archive`,`archiveID`,`systemID`,`filterID`,`filter_criterion`,`filter_matchmodeID`,`filter_seq`,`filter_value`,`history_created_by`,`history_created_date`,`history_created_IP`,`history_modified_by`,`history_modified_date`,`history_modified_IP`) VALUES (1152758392,0,0,1,1287588844,'','',1,'',723513209,'2009-02-02 22:04:18','99.238.90.119',0,'0000-00-00 00:00:00','');
  INSERT INTO `report_filter_criteria` (`ID`,`archive`,`archiveID`,`systemID`,`filterID`,`filter_criterion`,`filter_matchmodeID`,`filter_seq`,`filter_value`,`history_created_by`,`history_created_date`,`history_created_IP`,`history_modified_by`,`history_modified_date`,`history_modified_IP`) VALUES (1635250589,0,0,1,2055578795,'1824720501','11',1,'TODAY',1,'2009-11-05 22:50:18','127.0.0.1',0,'0000-00-00 00:00:00','');
  INSERT INTO `report_filter_criteria` (`ID`,`archive`,`archiveID`,`systemID`,`filterID`,`filter_criterion`,`filter_matchmodeID`,`filter_seq`,`filter_value`,`history_created_by`,`history_created_date`,`history_created_IP`,`history_modified_by`,`history_modified_date`,`history_modified_IP`) VALUES (1841203652,0,0,1,1696635216,'480587156','1',1,'Cancelled',1,'2009-11-05 22:52:36','127.0.0.1',0,'0000-00-00 00:00:00','');
  INSERT INTO `report_filter_criteria` (`ID`,`archive`,`archiveID`,`systemID`,`filterID`,`filter_criterion`,`filter_matchmodeID`,`filter_seq`,`filter_value`,`history_created_by`,`history_created_date`,`history_created_IP`,`history_modified_by`,`history_modified_date`,`history_modified_IP`) VALUES (1874130427,0,0,1,682357359,'1824720501','11',1,'THIS_YEAR',1,'2009-11-05 22:51:05','127.0.0.1',0,'0000-00-00 00:00:00','');
  INSERT INTO `report_filter_criteria` (`ID`,`archive`,`archiveID`,`systemID`,`filterID`,`filter_criterion`,`filter_matchmodeID`,`filter_seq`,`filter_value`,`history_created_by`,`history_created_date`,`history_created_IP`,`history_modified_by`,`history_modified_date`,`history_modified_IP`) VALUES (1934978145,0,0,1,1939042406,'1824720501','11',1,'THIS_WEEK',1,'2009-11-05 22:50:31','127.0.0.1',0,'0000-00-00 00:00:00','');
  INSERT INTO `report_settings`        (`ID`,`archive`,`archiveID`,`systemID`,`destinationID`,`destinationType`,`reportID`,`report_columns_csv`,`report_filters_csv`,`history_created_by`,`history_created_date`,`history_created_IP`,`history_modified_by`,`history_modified_date`,`history_modified_IP`) VALUES (251543141,0,0,1,0,'global',467924682,'','1287588844,2055578795,1939042406,2082723890,682357359,583797695,538332041,2130198884,1696635216',1,'2010-09-24 16:30:00','127.0.0.1',1,'2011-01-17 20:39:18','127.0.0.1');

# Toolbar icon stub
  INSERT INTO `report`                 (`ID`,`archive`,`archiveID`,`name`,`systemID`,`icon`,`seq`,`tab`,`label`,`archiveChanges`,`description`,`formComponentID`,`formTitle`,`help`,`listTypeID`,`permCOMMUNITYADMIN`,`permGROUPVIEWER`,`permGROUPEDITOR`,`permGROUPAPPROVER`,`permGROUPADMIN`,`permMASTERADMIN`,`permPUBLIC`,`permSYSADMIN`,`permSYSAPPROVER`,`permSYSEDITOR`,`permSYSLOGON`,`permSYSMEMBER`,`permUSERADMIN`,`popupFormHeight`,`popupFormWidth`,`primaryObject`,`primaryTable`,`reportComponentID`,`reportGroupBy`,`reportMembersGlobalEditors`,`reportSortBy`,`reportSQL_COMMUNITYADMIN`,`reportSQL_GROUPADMIN`,`reportSQL_MASTERADMIN`,`reportSQL_SYSADMIN`,`reportTitle`,`required_feature`,`history_created_by`,`history_created_date`,`history_created_IP`,`history_modified_by`,`history_modified_date`,`history_modified_IP`) VALUES (609724247,0,0,'module.church.prayer_requests_icon',1,'[ICON]12 12 3734 View Prayer Requests[/ICON]',203,'02.User Activity','Prayer Requests',0,'Used for handling prayer requests',1,'','',1,0,1,1,1,1,1,0,1,1,1,0,1,0,0,0,'Church','postings',771307961,'',0,0,'','','','','Manage Prayer Requests','module-church',1,'2009-11-05 23:41:09','76.64.58.243',1,'2012-02-24 10:16:50','127.0.0.1');

# End-user Prayer Request form
  INSERT INTO `report`                 (`ID`,`archive`,`archiveID`,`name`,`systemID`,`icon`,`seq`,`tab`,`label`,`archiveChanges`,`description`,`formComponentID`,`formTitle`,`help`,`listTypeID`,`permCOMMUNITYADMIN`,`permGROUPVIEWER`,`permGROUPEDITOR`,`permGROUPAPPROVER`,`permGROUPADMIN`,`permMASTERADMIN`,`permPUBLIC`,`permSYSADMIN`,`permSYSAPPROVER`,`permSYSEDITOR`,`permSYSLOGON`,`permSYSMEMBER`,`permUSERADMIN`,`popupFormHeight`,`popupFormWidth`,`primaryObject`,`primaryTable`,`reportComponentID`,`reportGroupBy`,`reportMembersGlobalEditors`,`reportSortBy`,`reportSQL_COMMUNITYADMIN`,`reportSQL_GROUPADMIN`,`reportSQL_MASTERADMIN`,`reportSQL_SYSADMIN`,`reportTitle`,`required_feature`,`history_created_by`,`history_created_date`,`history_created_IP`,`history_modified_by`,`history_modified_date`,`history_modified_IP`) VALUES (412509576,0,0,'module.church.prayer-request-form',1,'',0,'','',0,'Used for handling prayer requests',1,'Prayer Request','',1,0,1,1,1,1,1,1,1,1,1,1,1,0,400,600,'Church','cus_church_prayers',1,'',0,0,'','','','','','module-church',1,'2007-02-12 18:49:30','127.0.0.1',1,'2012-03-14 15:18:02','127.0.0.1');
  INSERT INTO `report_columns`         (`ID`,`archive`,`archiveID`,`systemID`,`reportID`,`group_assign_csv`,`seq`,`tab`,`defaultValue`,`fieldType`,`formField`,`formFieldHeight`,`formFieldSpecial`,`formFieldTooltip`,`formFieldUnique`,`formFieldWidth`,`formLabel`,`formSelectorSQLMaster`,`formSelectorSQLMember`,`permCOMMUNITYADMIN`,`permGROUPVIEWER`,`permGROUPEDITOR`,`permGROUPAPPROVER`,`permGROUPADMIN`,`permMASTERADMIN`,`permPUBLIC`,`permSYSADMIN`,`permSYSAPPROVER`,`permSYSEDITOR`,`permSYSLOGON`,`permSYSMEMBER`,`permUSERADMIN`,`reportField`,`reportFieldSpecial`,`reportFilter`,`reportFilterLabel`,`reportLabel`,`reportSortBy_AZ`,`reportSortBy_a`,`reportSortBy_d`,`required_feature`,`required_feature_invert`,`history_created_by`,`history_created_date`,`history_created_IP`,`history_modified_by`,`history_modified_date`,`history_modified_IP`) VALUES (46535016,0,0,1,412509576,'2142958343',0,'','','button_add_new','',0,'','',0,0,'','','',0,0,0,0,0,2,2,2,2,2,2,2,0,'','','','','',0,'','','',0,1,'2007-02-12 18:49:30','127.0.0.1',1,'2007-06-16 14:31:42','127.0.0.1');
  INSERT INTO `report_columns`         (`ID`,`archive`,`archiveID`,`systemID`,`reportID`,`group_assign_csv`,`seq`,`tab`,`defaultValue`,`fieldType`,`formField`,`formFieldHeight`,`formFieldSpecial`,`formFieldTooltip`,`formFieldUnique`,`formFieldWidth`,`formLabel`,`formSelectorSQLMaster`,`formSelectorSQLMember`,`permCOMMUNITYADMIN`,`permGROUPVIEWER`,`permGROUPEDITOR`,`permGROUPAPPROVER`,`permGROUPADMIN`,`permMASTERADMIN`,`permPUBLIC`,`permSYSADMIN`,`permSYSAPPROVER`,`permSYSEDITOR`,`permSYSLOGON`,`permSYSMEMBER`,`permUSERADMIN`,`reportField`,`reportFieldSpecial`,`reportFilter`,`reportFilterLabel`,`reportLabel`,`reportSortBy_AZ`,`reportSortBy_a`,`reportSortBy_d`,`required_feature`,`required_feature_invert`,`history_created_by`,`history_created_date`,`history_created_IP`,`history_modified_by`,`history_modified_date`,`history_modified_IP`) VALUES (2013673845,0,0,1,412509576,'',0,'','','hidden','ID',0,'','',0,0,'','','',0,0,0,0,0,2,2,2,2,2,2,2,0,'','','','','',0,'','','',0,1,'2007-02-12 18:49:30','127.0.0.1',1,'2007-06-16 14:31:42','127.0.0.1');
  INSERT INTO `report_columns`         (`ID`,`archive`,`archiveID`,`systemID`,`reportID`,`group_assign_csv`,`seq`,`tab`,`defaultValue`,`fieldType`,`formField`,`formFieldHeight`,`formFieldSpecial`,`formFieldTooltip`,`formFieldUnique`,`formFieldWidth`,`formLabel`,`formSelectorSQLMaster`,`formSelectorSQLMember`,`permCOMMUNITYADMIN`,`permGROUPVIEWER`,`permGROUPEDITOR`,`permGROUPAPPROVER`,`permGROUPADMIN`,`permMASTERADMIN`,`permPUBLIC`,`permSYSADMIN`,`permSYSAPPROVER`,`permSYSEDITOR`,`permSYSLOGON`,`permSYSMEMBER`,`permUSERADMIN`,`reportField`,`reportFieldSpecial`,`reportFilter`,`reportFilterLabel`,`reportLabel`,`reportSortBy_AZ`,`reportSortBy_a`,`reportSortBy_d`,`required_feature`,`required_feature_invert`,`history_created_by`,`history_created_date`,`history_created_IP`,`history_modified_by`,`history_modified_date`,`history_modified_IP`) VALUES (363884562,0,0,1,412509576,'',103,'','','edit','NName',0,'','',0,0,'Name','','',0,0,0,0,0,2,2,2,2,2,2,2,0,'','','','','',0,'','','',0,1,'2007-02-12 18:49:30','127.0.0.1',1,'2007-06-16 14:31:42','127.0.0.1');
  INSERT INTO `report_columns`         (`ID`,`archive`,`archiveID`,`systemID`,`reportID`,`group_assign_csv`,`seq`,`tab`,`defaultValue`,`fieldType`,`formField`,`formFieldHeight`,`formFieldSpecial`,`formFieldTooltip`,`formFieldUnique`,`formFieldWidth`,`formLabel`,`formSelectorSQLMaster`,`formSelectorSQLMember`,`permCOMMUNITYADMIN`,`permGROUPVIEWER`,`permGROUPEDITOR`,`permGROUPAPPROVER`,`permGROUPADMIN`,`permMASTERADMIN`,`permPUBLIC`,`permSYSADMIN`,`permSYSAPPROVER`,`permSYSEDITOR`,`permSYSLOGON`,`permSYSMEMBER`,`permUSERADMIN`,`reportField`,`reportFieldSpecial`,`reportFilter`,`reportFilterLabel`,`reportLabel`,`reportSortBy_AZ`,`reportSortBy_a`,`reportSortBy_d`,`required_feature`,`required_feature_invert`,`history_created_by`,`history_created_date`,`history_created_IP`,`history_modified_by`,`history_modified_date`,`history_modified_IP`) VALUES (1224107938,0,0,1,412509576,'',104,'','','email','AEmail',0,'','',0,0,'Contact Email','','',0,0,0,0,0,2,2,2,2,2,2,2,0,'','','','','',0,'','','',0,1,'2007-02-12 18:49:30','127.0.0.1',1,'2007-06-16 14:31:42','127.0.0.1');
  INSERT INTO `report_columns`         (`ID`,`archive`,`archiveID`,`systemID`,`reportID`,`group_assign_csv`,`seq`,`tab`,`defaultValue`,`fieldType`,`formField`,`formFieldHeight`,`formFieldSpecial`,`formFieldTooltip`,`formFieldUnique`,`formFieldWidth`,`formLabel`,`formSelectorSQLMaster`,`formSelectorSQLMember`,`permCOMMUNITYADMIN`,`permGROUPVIEWER`,`permGROUPEDITOR`,`permGROUPAPPROVER`,`permGROUPADMIN`,`permMASTERADMIN`,`permPUBLIC`,`permSYSADMIN`,`permSYSAPPROVER`,`permSYSEDITOR`,`permSYSLOGON`,`permSYSMEMBER`,`permUSERADMIN`,`reportField`,`reportFieldSpecial`,`reportFilter`,`reportFilterLabel`,`reportLabel`,`reportSortBy_AZ`,`reportSortBy_a`,`reportSortBy_d`,`required_feature`,`required_feature_invert`,`history_created_by`,`history_created_date`,`history_created_IP`,`history_modified_by`,`history_modified_date`,`history_modified_IP`) VALUES (1645644902,0,0,1,412509576,'',105,'','','text','ATelephone',0,'','',0,0,'Contact Telephone','','',0,0,0,0,0,2,2,2,2,2,2,2,0,'','','','','',0,'','','',0,1,'2007-02-12 18:49:30','127.0.0.1',1,'2007-06-16 14:31:42','127.0.0.1');
  INSERT INTO `report_columns`         (`ID`,`archive`,`archiveID`,`systemID`,`reportID`,`group_assign_csv`,`seq`,`tab`,`defaultValue`,`fieldType`,`formField`,`formFieldHeight`,`formFieldSpecial`,`formFieldTooltip`,`formFieldUnique`,`formFieldWidth`,`formLabel`,`formSelectorSQLMaster`,`formSelectorSQLMember`,`permCOMMUNITYADMIN`,`permGROUPVIEWER`,`permGROUPEDITOR`,`permGROUPAPPROVER`,`permGROUPADMIN`,`permMASTERADMIN`,`permPUBLIC`,`permSYSADMIN`,`permSYSAPPROVER`,`permSYSEDITOR`,`permSYSLOGON`,`permSYSMEMBER`,`permUSERADMIN`,`reportField`,`reportFieldSpecial`,`reportFilter`,`reportFilterLabel`,`reportLabel`,`reportSortBy_AZ`,`reportSortBy_a`,`reportSortBy_d`,`required_feature`,`required_feature_invert`,`history_created_by`,`history_created_date`,`history_created_IP`,`history_modified_by`,`history_modified_date`,`history_modified_IP`) VALUES (1191129916,0,0,1,412509576,'',201,'','','textarea_big','description',280,'','',0,0,'Description','','',0,0,0,0,0,2,2,2,2,2,2,2,0,'','','','','',0,'','','',0,1,'2007-02-12 18:49:30','127.0.0.1',1,'2008-03-02 21:40:18','127.0.0.1');

# Listtype module.church.prayer-request-status
  INSERT INTO `listtype`               (`ID`,`archive`,`archiveID`,`systemID`,`name`,`history_created_by`,`history_created_date`,`history_created_IP`,`history_modified_by`,`history_modified_date`,`history_modified_IP`) VALUES (1839625737,0,0,1,'module.church.prayer-request-status',1,'2007-02-12 16:40:42','127.0.0.1',1,'2008-11-13 15:50:12','127.0.0.1');
  INSERT INTO `listdata`               (`ID`,`archive`,`archiveID`,`systemID`,`color_background`,`color_text`,`content`,`custom_1`,`custom_2`,`custom_3`,`custom_4`,`custom_5`,`isHeader`,`listTypeID`,`parentID`,`seq`,`textEnglish`,`thumbnail`,`value`,`history_created_by`,`history_created_date`,`history_created_IP`,`history_modified_by`,`history_modified_date`,`history_modified_IP`) VALUES (2071814710,0,0,1,'D0D0D0','000000','','','','','','',0,1839625737,0,4,'Cancelled','','Cancelled',1,'2007-02-12 16:42:48','127.0.0.1',1,'2008-11-13 15:52:39','127.0.0.1');
  INSERT INTO `listdata`               (`ID`,`archive`,`archiveID`,`systemID`,`color_background`,`color_text`,`content`,`custom_1`,`custom_2`,`custom_3`,`custom_4`,`custom_5`,`isHeader`,`listTypeID`,`parentID`,`seq`,`textEnglish`,`thumbnail`,`value`,`history_created_by`,`history_created_date`,`history_created_IP`,`history_modified_by`,`history_modified_date`,`history_modified_IP`) VALUES (1280622925,0,0,1,'FFFFA0','000000','','','','','','',0,1839625737,0,1,'New','','New',1,'2007-02-12 16:41:32','127.0.0.1',1,'2008-11-13 15:52:57','127.0.0.1');
  INSERT INTO `listdata`               (`ID`,`archive`,`archiveID`,`systemID`,`color_background`,`color_text`,`content`,`custom_1`,`custom_2`,`custom_3`,`custom_4`,`custom_5`,`isHeader`,`listTypeID`,`parentID`,`seq`,`textEnglish`,`thumbnail`,`value`,`history_created_by`,`history_created_date`,`history_created_IP`,`history_modified_by`,`history_modified_date`,`history_modified_IP`) VALUES (669347382,0,0,1,'FFD0D0','000000','','','','','','',0,1839625737,0,2,'Active','','Active',1,'2007-02-12 16:41:39','127.0.0.1',1,'2008-11-13 15:52:03','127.0.0.1');
  INSERT INTO `listdata`               (`ID`,`archive`,`archiveID`,`systemID`,`color_background`,`color_text`,`content`,`custom_1`,`custom_2`,`custom_3`,`custom_4`,`custom_5`,`isHeader`,`listTypeID`,`parentID`,`seq`,`textEnglish`,`thumbnail`,`value`,`history_created_by`,`history_created_date`,`history_created_IP`,`history_modified_by`,`history_modified_date`,`history_modified_IP`) VALUES (446096540,0,0,1,'D0FFD0','000000','','','','','','',0,1839625737,0,3,'Resolved','','Resolved',1,'2007-02-12 16:42:22','127.0.0.1',1,'2008-11-13 15:52:24','127.0.0.1');

# ECL Tags component_daily_bible_verse(), component_report_prayer_requests
# and component_form_prayer_request
  INSERT INTO `ecl_tags`               (`ID`,`archive`,`archiveID`,`systemID`,`description`,`for_email`,`for_layout`,`for_page`,`nameable`,`php`,`tag`,`seq`,`history_created_by`,`history_created_date`,`history_created_IP`,`history_modified_by`,`history_modified_date`,`history_modified_IP`) VALUES (203080703,0,0,1,'MODULE: CHURCH: COMPONENT: Daily Bible Verse',0,1,1,0,'Base::use_module(\'church\');\r\n$Obj = new Component();\r\nreturn $Obj->component_daily_bible_verse();','component_daily_bible_verse()',0,1,'2007-03-06 14:47:04','127.0.0.1',1,'2011-01-17 19:16:27','127.0.0.1');
  INSERT INTO `ecl_tags`               (`ID`,`archive`,`archiveID`,`systemID`,`description`,`for_email`,`for_layout`,`for_page`,`nameable`,`php`,`tag`,`seq`,`history_created_by`,`history_created_date`,`history_created_IP`,`history_modified_by`,`history_modified_date`,`history_modified_IP`) VALUES (429904883,0,0,1,'MODULE: CHURCH: COMPONENT: Form: Prayer Request',0,0,1,0,'Base::use_module(\'church\');\r\n$Obj = new Church_Component();\r\nreturn $Obj->prayer_request();','component_form_prayer_request',0,1,'2011-01-17 18:18:36','127.0.0.1',1,'2011-01-17 19:14:36','127.0.0.1');
  INSERT INTO `ecl_tags`               (`ID`,`archive`,`archiveID`,`systemID`,`description`,`for_email`,`for_layout`,`for_page`,`nameable`,`php`,`tag`,`seq`,`history_created_by`,`history_created_date`,`history_created_IP`,`history_modified_by`,`history_modified_date`,`history_modified_IP`) VALUES (916478965,0,0,1,'MODULE: CHURCH: Report: Prayer Requests',0,0,1,0,'return draw_auto_report(\'module.church.prayer-requests-report\',1);','component_report_prayer_requests',0,1,'2007-06-16 14:04:08','127.0.0.1',1,'2011-01-17 19:11:02','127.0.0.1');

# Component 'REPORT: MODULE: CHURCH: Prayer Requests Report Redirector'
  INSERT INTO `component`              (`ID`,`archive`,`archiveID`,`systemID`,`name`,`for_action`,`for_page`,`for_report`,`for_schedule`,`php`,`history_created_by`,`history_created_date`,`history_created_IP`,`history_modified_by`,`history_modified_date`,`history_modified_IP`) VALUES (771307961,0,0,1,'REPORT: MODULE: CHURCH: Prayer Requests Report Redirector',0,0,1,0,'header(\r\n  \'Location: \'.BASE_PATH.\'prayer_requests_report\'\r\n);',1,'2007-06-16 14:01:00','127.0.0.1',1,'2011-01-17 18:09:12','127.0.0.1');

# Insert feature module-church for Church Features
  INSERT INTO `listdata`               (`ID`,`archive`,`archiveID`,`systemID`,`color_background`,`color_text`,`content`,`custom_1`,`custom_2`,`custom_3`,`custom_4`,`custom_5`,`isHeader`,`listTypeID`,`parentID`,`seq`,`textEnglish`,`thumbnail`,`value`,`history_created_by`,`history_created_date`,`history_created_IP`,`history_modified_by`,`history_modified_date`,`history_modified_IP`) VALUES (1153178549,0,0,1,'000000','FFFFFF','','','','','','',0,415715076,0,11,'Church','','module-church',1,'2009-11-05 21:16:38','76.64.58.243',1,'2012-03-14 14:29:30','127.0.0.1');
