# module.treb.install.sql

  # TREB Listings
  INSERT INTO `report`                 (`ID`,`archive`,`archiveID`,`name`,`systemID`,`adminLink`,`adminLinkPosition`,`archiveChanges`,`description`,`formComponentID`,`formTitle`,`help`,`listTypeID`,`permCOMMUNITYADMIN`,`permGROUPVIEWER`,`permGROUPEDITOR`,`permGROUPAPPROVER`,`permGROUPADMIN`,`permMASTERADMIN`,`permPUBLIC`,`permSYSADMIN`,`permSYSAPPROVER`,`permSYSEDITOR`,`permSYSLOGON`,`permSYSMEMBER`,`permUSERADMIN`,`popupFormHeight`,`popupFormWidth`,`primaryObject`,`primaryTable`,`reportComponentID`,`reportGroupBy`,`reportMembersGlobalEditors`,`reportSortBy`,`reportSQL_COMMUNITYADMIN`,`reportSQL_GROUPADMIN`,`reportSQL_MASTERADMIN`,`reportSQL_SYSADMIN`,`reportTitle`,`required_feature`,`history_created_by`,`history_created_date`,`history_created_IP`,`history_modified_by`,`history_modified_date`,`history_modified_IP`) VALUES (1098298172,0,0,'module.treb.listings',1,'',0,0,'View and Edit Downloaded TREB listings',1,'Edit TREB Listing','',1,0,1,1,1,1,1,1,1,1,1,1,1,0,480,800,'TREB','postings',1,'',1,70711303,'','','SELECT\r\n  (SELECT `system`.`textEnglish` FROM `system` WHERE `system`.`ID` = `postings`.`systemID`) AS `systemTitle`,\r\n  (SELECT COUNT(*) FROM `postings` `rm` WHERE `rm`.`parentID` = `postings`.`ID`) AS `rooms`,\r\n  `postings`.*\r\nFROM\r\n  `postings`\r\nWHERE\r\n  `postings`.`type`=\'gallery-image\' AND\r\n  `postings`.`subtype`=\'treb-listing\'','SELECT\r\n  (SELECT `system`.`textEnglish` FROM `system` WHERE `system`.`ID` = `postings`.`systemID`) AS `systemTitle`,\r\n  (SELECT COUNT(*) FROM `postings` `rm` WHERE `rm`.`parentID` = `postings`.`ID`) AS `rooms`,\r\n  `postings`.*\r\nFROM\r\n  `postings`\r\nWHERE\r\n  `postings`.`type`=\'gallery-image\' AND\r\n  `postings`.`subtype`=\'treb-listing\' AND\r\n  `postings`.`systemID` IN (\r\n    # Next \'from\' has to be lowercase to avoid error in count query!\r\n    SELECT `system`.`ID` from `system`\r\n    INNER JOIN `person` ON\r\n      REPLACE(\r\n        CONCAT(\r\n          \',\',\r\n          `system`.`custom_1`,\r\n          \',\'\r\n        ),\r\n        \' \',\r\n        \'\'\r\n      ) LIKE CONCAT(\"%,\",`person`.`custom_1`,\",%\")\r\n    WHERE\r\n      `person`.`ID` = PERSON_ID\r\n  )','View TREB Listings','Treb',1,'2011-04-06 16:53:36','127.0.0.1',1,'2011-04-13 17:16:10','127.0.0.1');
  INSERT INTO `action`                 (`ID`,`archive`,`archiveID`,`systemID`,`destinationOperation`,`destinationID`,`destinationValue`,`seq`,`sourceID`,`sourceTrigger`,`sourceType`,`history_created_by`,`history_created_date`,`history_created_IP`,`history_modified_by`,`history_modified_date`,`history_modified_IP`) VALUES (1185444316,0,0,1,'component_execute',519420419,'',1,1098298172,'report_update_post','report',1,'2011-04-18 19:48:31','127.0.0.1',0,'0000-00-00 00:00:00','');
  INSERT INTO `action`                 (`ID`,`archive`,`archiveID`,`systemID`,`destinationOperation`,`destinationID`,`destinationValue`,`seq`,`sourceID`,`sourceTrigger`,`sourceType`,`history_created_by`,`history_created_date`,`history_created_IP`,`history_modified_by`,`history_modified_date`,`history_modified_IP`) VALUES (1773264773,0,0,1,'component_execute',519420419,'',1,1098298172,'report_insert_post','report',1,'2011-04-18 19:48:36','127.0.0.1',1,'2011-04-18 19:48:59','127.0.0.1');
  INSERT INTO `action`                 (`ID`,`archive`,`archiveID`,`systemID`,`destinationOperation`,`destinationID`,`destinationValue`,`seq`,`sourceID`,`sourceTrigger`,`sourceType`,`history_created_by`,`history_created_date`,`history_created_IP`,`history_modified_by`,`history_modified_date`,`history_modified_IP`) VALUES (1309795571,0,0,1,'component_execute',1609585033,'',1,1098298172,'report_update_post','report',1,'2012-01-18 18:33:11','127.0.0.1',1,'2012-01-18 18:33:53','127.0.0.1');
  INSERT INTO `action`                 (`ID`,`archive`,`archiveID`,`systemID`,`destinationOperation`,`destinationID`,`destinationValue`,`seq`,`sourceID`,`sourceTrigger`,`sourceType`,`history_created_by`,`history_created_date`,`history_created_IP`,`history_modified_by`,`history_modified_date`,`history_modified_IP`) VALUES (1381569599,0,0,1,'component_execute',1609585033,'',1,1098298172,'report_insert_post','report',1,'2012-01-18 18:33:16','127.0.0.1',1,'2012-01-18 18:33:36','127.0.0.1');
  INSERT INTO `report_columns`         (`ID`,`archive`,`archiveID`,`systemID`,`reportID`,`group_assign_csv`,`seq`,`tab`,`defaultValue`,`fieldType`,`formField`,`formFieldHeight`,`formFieldSpecial`,`formFieldTooltip`,`formFieldUnique`,`formFieldWidth`,`formLabel`,`formSelectorSQLMaster`,`formSelectorSQLMember`,`permCOMMUNITYADMIN`,`permGROUPVIEWER`,`permGROUPEDITOR`,`permGROUPAPPROVER`,`permGROUPADMIN`,`permMASTERADMIN`,`permPUBLIC`,`permSYSADMIN`,`permSYSAPPROVER`,`permSYSEDITOR`,`permSYSLOGON`,`permSYSMEMBER`,`permUSERADMIN`,`reportField`,`reportFieldSpecial`,`reportFilter`,`reportFilterLabel`,`reportLabel`,`reportSortBy_AZ`,`reportSortBy_a`,`reportSortBy_d`,`required_feature`,`required_feature_invert`,`history_created_by`,`history_created_date`,`history_created_IP`,`history_modified_by`,`history_modified_date`,`history_modified_IP`) VALUES (65374547,0,0,1,1098298172,'',0,'0.','','button_add_new','',0,'','',0,0,'','','',0,0,0,0,0,2,0,2,2,2,0,0,0,'','','','','',0,'','','',0,1,'2011-04-06 16:53:36','127.0.0.1',1,'2011-04-07 14:39:03','127.0.0.1');
  INSERT INTO `report_columns`         (`ID`,`archive`,`archiveID`,`systemID`,`reportID`,`group_assign_csv`,`seq`,`tab`,`defaultValue`,`fieldType`,`formField`,`formFieldHeight`,`formFieldSpecial`,`formFieldTooltip`,`formFieldUnique`,`formFieldWidth`,`formLabel`,`formSelectorSQLMaster`,`formSelectorSQLMember`,`permCOMMUNITYADMIN`,`permGROUPVIEWER`,`permGROUPEDITOR`,`permGROUPAPPROVER`,`permGROUPADMIN`,`permMASTERADMIN`,`permPUBLIC`,`permSYSADMIN`,`permSYSAPPROVER`,`permSYSEDITOR`,`permSYSLOGON`,`permSYSMEMBER`,`permUSERADMIN`,`reportField`,`reportFieldSpecial`,`reportFilter`,`reportFilterLabel`,`reportLabel`,`reportSortBy_AZ`,`reportSortBy_a`,`reportSortBy_d`,`required_feature`,`required_feature_invert`,`history_created_by`,`history_created_date`,`history_created_IP`,`history_modified_by`,`history_modified_date`,`history_modified_IP`) VALUES (432769203,0,0,1,1098298172,'',0,'0.','treb-listing','fixed','subtype',0,'','',0,0,'','','',0,2,2,2,2,2,2,2,2,2,2,2,0,'','','','','',0,'','','',0,1,'2011-04-06 18:48:39','127.0.0.1',1,'2011-04-13 18:33:52','127.0.0.1');
  INSERT INTO `report_columns`         (`ID`,`archive`,`archiveID`,`systemID`,`reportID`,`group_assign_csv`,`seq`,`tab`,`defaultValue`,`fieldType`,`formField`,`formFieldHeight`,`formFieldSpecial`,`formFieldTooltip`,`formFieldUnique`,`formFieldWidth`,`formLabel`,`formSelectorSQLMaster`,`formSelectorSQLMember`,`permCOMMUNITYADMIN`,`permGROUPVIEWER`,`permGROUPEDITOR`,`permGROUPAPPROVER`,`permGROUPADMIN`,`permMASTERADMIN`,`permPUBLIC`,`permSYSADMIN`,`permSYSAPPROVER`,`permSYSEDITOR`,`permSYSLOGON`,`permSYSMEMBER`,`permUSERADMIN`,`reportField`,`reportFieldSpecial`,`reportFilter`,`reportFilterLabel`,`reportLabel`,`reportSortBy_AZ`,`reportSortBy_a`,`reportSortBy_d`,`required_feature`,`required_feature_invert`,`history_created_by`,`history_created_date`,`history_created_IP`,`history_modified_by`,`history_modified_date`,`history_modified_IP`) VALUES (538120117,0,0,1,1098298172,'',0,'0.','','hidden','ID',0,'','',0,0,'','','',0,0,0,0,0,2,2,2,2,2,2,2,0,'','','','','',0,'','','',0,1,'2011-04-06 16:53:36','127.0.0.1',1,'2011-04-07 14:39:03','127.0.0.1');
  INSERT INTO `report_columns`         (`ID`,`archive`,`archiveID`,`systemID`,`reportID`,`group_assign_csv`,`seq`,`tab`,`defaultValue`,`fieldType`,`formField`,`formFieldHeight`,`formFieldSpecial`,`formFieldTooltip`,`formFieldUnique`,`formFieldWidth`,`formLabel`,`formSelectorSQLMaster`,`formSelectorSQLMember`,`permCOMMUNITYADMIN`,`permGROUPVIEWER`,`permGROUPEDITOR`,`permGROUPAPPROVER`,`permGROUPADMIN`,`permMASTERADMIN`,`permPUBLIC`,`permSYSADMIN`,`permSYSAPPROVER`,`permSYSEDITOR`,`permSYSLOGON`,`permSYSMEMBER`,`permUSERADMIN`,`reportField`,`reportFieldSpecial`,`reportFilter`,`reportFilterLabel`,`reportLabel`,`reportSortBy_AZ`,`reportSortBy_a`,`reportSortBy_d`,`required_feature`,`required_feature_invert`,`history_created_by`,`history_created_date`,`history_created_IP`,`history_modified_by`,`history_modified_date`,`history_modified_IP`) VALUES (1221373374,0,0,1,1098298172,'',0,'0.','','checkbox','',0,'','',0,0,'','','',0,0,0,0,0,2,0,2,2,2,0,0,0,'ID','','','','',0,'','','',0,1,'2011-04-06 16:53:36','127.0.0.1',1,'2011-04-07 14:39:03','127.0.0.1');
  INSERT INTO `report_columns`         (`ID`,`archive`,`archiveID`,`systemID`,`reportID`,`group_assign_csv`,`seq`,`tab`,`defaultValue`,`fieldType`,`formField`,`formFieldHeight`,`formFieldSpecial`,`formFieldTooltip`,`formFieldUnique`,`formFieldWidth`,`formLabel`,`formSelectorSQLMaster`,`formSelectorSQLMember`,`permCOMMUNITYADMIN`,`permGROUPVIEWER`,`permGROUPEDITOR`,`permGROUPAPPROVER`,`permGROUPADMIN`,`permMASTERADMIN`,`permPUBLIC`,`permSYSADMIN`,`permSYSAPPROVER`,`permSYSEDITOR`,`permSYSLOGON`,`permSYSMEMBER`,`permUSERADMIN`,`reportField`,`reportFieldSpecial`,`reportFilter`,`reportFilterLabel`,`reportLabel`,`reportSortBy_AZ`,`reportSortBy_a`,`reportSortBy_d`,`required_feature`,`required_feature_invert`,`history_created_by`,`history_created_date`,`history_created_IP`,`history_modified_by`,`history_modified_date`,`history_modified_IP`) VALUES (1300447656,0,0,1,1098298172,'',0,'0.','','selected_update','',0,'','',0,0,'','','',0,0,0,0,0,2,0,2,2,2,0,0,0,'','','','','',0,'','','',0,1,'2011-04-06 16:53:36','127.0.0.1',1,'2011-04-07 14:39:03','127.0.0.1');
  INSERT INTO `report_columns`         (`ID`,`archive`,`archiveID`,`systemID`,`reportID`,`group_assign_csv`,`seq`,`tab`,`defaultValue`,`fieldType`,`formField`,`formFieldHeight`,`formFieldSpecial`,`formFieldTooltip`,`formFieldUnique`,`formFieldWidth`,`formLabel`,`formSelectorSQLMaster`,`formSelectorSQLMember`,`permCOMMUNITYADMIN`,`permGROUPVIEWER`,`permGROUPEDITOR`,`permGROUPAPPROVER`,`permGROUPADMIN`,`permMASTERADMIN`,`permPUBLIC`,`permSYSADMIN`,`permSYSAPPROVER`,`permSYSEDITOR`,`permSYSLOGON`,`permSYSMEMBER`,`permUSERADMIN`,`reportField`,`reportFieldSpecial`,`reportFilter`,`reportFilterLabel`,`reportLabel`,`reportSortBy_AZ`,`reportSortBy_a`,`reportSortBy_d`,`required_feature`,`required_feature_invert`,`history_created_by`,`history_created_date`,`history_created_IP`,`history_modified_by`,`history_modified_date`,`history_modified_IP`) VALUES (1343868687,0,0,1,1098298172,'',0,'0.','','selected_delete','',0,'','',0,0,'','','',0,0,0,0,0,2,0,2,0,0,0,0,0,'','','','','',0,'','','',0,1,'2011-04-06 16:53:36','127.0.0.1',1,'2011-04-07 14:39:03','127.0.0.1');
  INSERT INTO `report_columns`         (`ID`,`archive`,`archiveID`,`systemID`,`reportID`,`group_assign_csv`,`seq`,`tab`,`defaultValue`,`fieldType`,`formField`,`formFieldHeight`,`formFieldSpecial`,`formFieldTooltip`,`formFieldUnique`,`formFieldWidth`,`formLabel`,`formSelectorSQLMaster`,`formSelectorSQLMember`,`permCOMMUNITYADMIN`,`permGROUPVIEWER`,`permGROUPEDITOR`,`permGROUPAPPROVER`,`permGROUPADMIN`,`permMASTERADMIN`,`permPUBLIC`,`permSYSADMIN`,`permSYSAPPROVER`,`permSYSEDITOR`,`permSYSLOGON`,`permSYSMEMBER`,`permUSERADMIN`,`reportField`,`reportFieldSpecial`,`reportFilter`,`reportFilterLabel`,`reportLabel`,`reportSortBy_AZ`,`reportSortBy_a`,`reportSortBy_d`,`required_feature`,`required_feature_invert`,`history_created_by`,`history_created_date`,`history_created_IP`,`history_modified_by`,`history_modified_date`,`history_modified_IP`) VALUES (1439141215,0,0,1,1098298172,'',0,'0.','','selected_set_importance','',0,'','',0,0,'','','',0,0,0,0,0,2,0,2,2,2,0,0,0,'','','','','',0,'','','',0,1,'2011-05-13 14:39:51','127.0.0.1',1,'2011-05-13 14:40:25','127.0.0.1');
  INSERT INTO `report_columns`         (`ID`,`archive`,`archiveID`,`systemID`,`reportID`,`group_assign_csv`,`seq`,`tab`,`defaultValue`,`fieldType`,`formField`,`formFieldHeight`,`formFieldSpecial`,`formFieldTooltip`,`formFieldUnique`,`formFieldWidth`,`formLabel`,`formSelectorSQLMaster`,`formSelectorSQLMember`,`permCOMMUNITYADMIN`,`permGROUPVIEWER`,`permGROUPEDITOR`,`permGROUPAPPROVER`,`permGROUPADMIN`,`permMASTERADMIN`,`permPUBLIC`,`permSYSADMIN`,`permSYSAPPROVER`,`permSYSEDITOR`,`permSYSLOGON`,`permSYSMEMBER`,`permUSERADMIN`,`reportField`,`reportFieldSpecial`,`reportFilter`,`reportFilterLabel`,`reportLabel`,`reportSortBy_AZ`,`reportSortBy_a`,`reportSortBy_d`,`required_feature`,`required_feature_invert`,`history_created_by`,`history_created_date`,`history_created_IP`,`history_modified_by`,`history_modified_date`,`history_modified_IP`) VALUES (1586691477,0,0,1,1098298172,'',0,'0.','','selected_export_excel','',0,'','',0,0,'','','',0,0,0,0,0,2,0,2,2,2,0,0,0,'','','','','',0,'','','',0,1,'2011-04-11 17:23:03','127.0.0.1',1,'2011-05-13 15:19:46','127.0.0.1');
  INSERT INTO `report_columns`         (`ID`,`archive`,`archiveID`,`systemID`,`reportID`,`group_assign_csv`,`seq`,`tab`,`defaultValue`,`fieldType`,`formField`,`formFieldHeight`,`formFieldSpecial`,`formFieldTooltip`,`formFieldUnique`,`formFieldWidth`,`formLabel`,`formSelectorSQLMaster`,`formSelectorSQLMember`,`permCOMMUNITYADMIN`,`permGROUPVIEWER`,`permGROUPEDITOR`,`permGROUPAPPROVER`,`permGROUPADMIN`,`permMASTERADMIN`,`permPUBLIC`,`permSYSADMIN`,`permSYSAPPROVER`,`permSYSEDITOR`,`permSYSLOGON`,`permSYSMEMBER`,`permUSERADMIN`,`reportField`,`reportFieldSpecial`,`reportFilter`,`reportFilterLabel`,`reportLabel`,`reportSortBy_AZ`,`reportSortBy_a`,`reportSortBy_d`,`required_feature`,`required_feature_invert`,`history_created_by`,`history_created_date`,`history_created_IP`,`history_modified_by`,`history_modified_date`,`history_modified_IP`) VALUES (1960526122,0,0,1,1098298172,'',0,'0.','','selected_export_sql','',0,'','',0,0,'','','',0,0,0,0,0,2,0,2,0,0,0,0,0,'','','','','',0,'','','',0,1,'2011-04-06 16:53:36','127.0.0.1',1,'2011-04-07 14:39:03','127.0.0.1');
  INSERT INTO `report_columns`         (`ID`,`archive`,`archiveID`,`systemID`,`reportID`,`group_assign_csv`,`seq`,`tab`,`defaultValue`,`fieldType`,`formField`,`formFieldHeight`,`formFieldSpecial`,`formFieldTooltip`,`formFieldUnique`,`formFieldWidth`,`formLabel`,`formSelectorSQLMaster`,`formSelectorSQLMember`,`permCOMMUNITYADMIN`,`permGROUPVIEWER`,`permGROUPEDITOR`,`permGROUPAPPROVER`,`permGROUPADMIN`,`permMASTERADMIN`,`permPUBLIC`,`permSYSADMIN`,`permSYSAPPROVER`,`permSYSEDITOR`,`permSYSLOGON`,`permSYSMEMBER`,`permUSERADMIN`,`reportField`,`reportFieldSpecial`,`reportFilter`,`reportFilterLabel`,`reportLabel`,`reportSortBy_AZ`,`reportSortBy_a`,`reportSortBy_d`,`required_feature`,`required_feature_invert`,`history_created_by`,`history_created_date`,`history_created_IP`,`history_modified_by`,`history_modified_date`,`history_modified_IP`) VALUES (1352690601,0,0,1,1098298172,'',1,'0.','','selector','systemID',0,'','',0,0,'Site','SELECT\r\n  `ID` AS `value`,\r\n  `textEnglish` AS `text`,\r\n  IF(`system`.`ID`=1,\'e0e0e0\',IF(`system`.`ID`=SYS_ID,\'c0ffc0\',\'ffe0e0\')) AS `color_background`\r\nFROM\r\n  `system`\r\nORDER BY\r\n  `system`.`ID`!=1,`text`','SELECT\r\n  `ID` AS `value`,\r\n  `textEnglish` AS `text`\r\nFROM\r\n  `system`\r\nWHERE\r\n  `system`.`ID` = SYS_ID',0,0,0,0,0,2,0,2,2,2,0,2,0,'systemTitle','','(SELECT `system`.`textEnglish` FROM `system` WHERE `system`.`ID` = `postings`.`systemID`)','Site','Site',1,'`systemTitle` ASC','`systemTitle` DESC','',0,1,'2011-04-06 16:56:11','127.0.0.1',1,'2011-04-07 14:39:03','127.0.0.1');
  INSERT INTO `report_columns`         (`ID`,`archive`,`archiveID`,`systemID`,`reportID`,`group_assign_csv`,`seq`,`tab`,`defaultValue`,`fieldType`,`formField`,`formFieldHeight`,`formFieldSpecial`,`formFieldTooltip`,`formFieldUnique`,`formFieldWidth`,`formLabel`,`formSelectorSQLMaster`,`formSelectorSQLMember`,`permCOMMUNITYADMIN`,`permGROUPVIEWER`,`permGROUPEDITOR`,`permGROUPAPPROVER`,`permGROUPADMIN`,`permMASTERADMIN`,`permPUBLIC`,`permSYSADMIN`,`permSYSAPPROVER`,`permSYSEDITOR`,`permSYSLOGON`,`permSYSMEMBER`,`permUSERADMIN`,`reportField`,`reportFieldSpecial`,`reportFilter`,`reportFilterLabel`,`reportLabel`,`reportSortBy_AZ`,`reportSortBy_a`,`reportSortBy_d`,`required_feature`,`required_feature_invert`,`history_created_by`,`history_created_date`,`history_created_IP`,`history_modified_by`,`history_modified_date`,`history_modified_IP`) VALUES (662525444,0,0,1,1098298172,'',2,'0.','','edit','title',0,'','',0,0,'MLS#','','',0,0,0,0,0,2,1,2,2,2,1,1,0,'title','','`postings`.`title`','MLS#','MLS#',1,'LEFT(`postings`.`title`,1) ASC,\r\nCAST(MID(`postings`.`title`,2,10) AS UNSIGNED) ASC','LEFT(`postings`.`title`,1) DESC,\r\nCAST(MID(`postings`.`title`,2,10) AS UNSIGNED) DESC','',0,1,'2011-04-06 16:53:36','127.0.0.1',1,'2012-01-18 18:21:46','127.0.0.1');
  INSERT INTO `report_columns`         (`ID`,`archive`,`archiveID`,`systemID`,`reportID`,`group_assign_csv`,`seq`,`tab`,`defaultValue`,`fieldType`,`formField`,`formFieldHeight`,`formFieldSpecial`,`formFieldTooltip`,`formFieldUnique`,`formFieldWidth`,`formLabel`,`formSelectorSQLMaster`,`formSelectorSQLMember`,`permCOMMUNITYADMIN`,`permGROUPVIEWER`,`permGROUPEDITOR`,`permGROUPAPPROVER`,`permGROUPADMIN`,`permMASTERADMIN`,`permPUBLIC`,`permSYSADMIN`,`permSYSAPPROVER`,`permSYSEDITOR`,`permSYSLOGON`,`permSYSMEMBER`,`permUSERADMIN`,`reportField`,`reportFieldSpecial`,`reportFilter`,`reportFilterLabel`,`reportLabel`,`reportSortBy_AZ`,`reportSortBy_a`,`reportSortBy_d`,`required_feature`,`required_feature_invert`,`history_created_by`,`history_created_date`,`history_created_IP`,`history_modified_by`,`history_modified_date`,`history_modified_IP`) VALUES (2057274234,0,0,1,1098298172,'',3,'0.','','currency','xml:price',0,'','',0,70,'Price','','',0,0,0,0,0,2,1,2,2,2,1,1,0,'xml:price','','xml:price','Price','Price',1,'CAST(xml:price AS UNSIGNED) ASC','CAST(xml:price AS UNSIGNED) DESC','',0,1,'2011-04-06 16:53:36','127.0.0.1',1,'2011-04-08 18:28:02','127.0.0.1');
  INSERT INTO `report_columns`         (`ID`,`archive`,`archiveID`,`systemID`,`reportID`,`group_assign_csv`,`seq`,`tab`,`defaultValue`,`fieldType`,`formField`,`formFieldHeight`,`formFieldSpecial`,`formFieldTooltip`,`formFieldUnique`,`formFieldWidth`,`formLabel`,`formSelectorSQLMaster`,`formSelectorSQLMember`,`permCOMMUNITYADMIN`,`permGROUPVIEWER`,`permGROUPEDITOR`,`permGROUPAPPROVER`,`permGROUPADMIN`,`permMASTERADMIN`,`permPUBLIC`,`permSYSADMIN`,`permSYSAPPROVER`,`permSYSEDITOR`,`permSYSLOGON`,`permSYSMEMBER`,`permUSERADMIN`,`reportField`,`reportFieldSpecial`,`reportFilter`,`reportFilterLabel`,`reportLabel`,`reportSortBy_AZ`,`reportSortBy_a`,`reportSortBy_d`,`required_feature`,`required_feature_invert`,`history_created_by`,`history_created_date`,`history_created_IP`,`history_modified_by`,`history_modified_date`,`history_modified_IP`) VALUES (1743571342,0,0,1,1098298172,'',104,'0.','','categories_assign','category',0,'module.treb.category|1','',0,0,'Categories','','',0,0,2,2,2,2,0,2,2,2,0,0,0,'category','','`postings`.`category`','Categories','Categories',1,'`postings`.`category` ASC, `postings`.`date`','`postings`.`category` DESC, `postings`.`date`','Categories',0,1,'2011-04-27 18:21:44','127.0.0.1',1,'2011-04-27 18:26:59','127.0.0.1');
  INSERT INTO `report_columns`         (`ID`,`archive`,`archiveID`,`systemID`,`reportID`,`group_assign_csv`,`seq`,`tab`,`defaultValue`,`fieldType`,`formField`,`formFieldHeight`,`formFieldSpecial`,`formFieldTooltip`,`formFieldUnique`,`formFieldWidth`,`formLabel`,`formSelectorSQLMaster`,`formSelectorSQLMember`,`permCOMMUNITYADMIN`,`permGROUPVIEWER`,`permGROUPEDITOR`,`permGROUPAPPROVER`,`permGROUPADMIN`,`permMASTERADMIN`,`permPUBLIC`,`permSYSADMIN`,`permSYSAPPROVER`,`permSYSEDITOR`,`permSYSLOGON`,`permSYSMEMBER`,`permUSERADMIN`,`reportField`,`reportFieldSpecial`,`reportFilter`,`reportFilterLabel`,`reportLabel`,`reportSortBy_AZ`,`reportSortBy_a`,`reportSortBy_d`,`required_feature`,`required_feature_invert`,`history_created_by`,`history_created_date`,`history_created_IP`,`history_modified_by`,`history_modified_date`,`history_modified_IP`) VALUES (354031315,0,0,1,1098298172,'',100,'1.General','','text','xml:FreeCondComm',0,'','',0,0,'Listing Type','','',0,0,0,0,0,2,1,2,2,2,1,1,0,'xml:FreeCondComm','','xml:FreeCondComm','Listing Type','Listing<br />Type',1,'xml:FreeCondComm ASC','xml:FreeCondComm DESC','',0,1,'2011-04-06 16:53:36','127.0.0.1',1,'2011-04-07 14:39:03','127.0.0.1');
  INSERT INTO `report_columns`         (`ID`,`archive`,`archiveID`,`systemID`,`reportID`,`group_assign_csv`,`seq`,`tab`,`defaultValue`,`fieldType`,`formField`,`formFieldHeight`,`formFieldSpecial`,`formFieldTooltip`,`formFieldUnique`,`formFieldWidth`,`formLabel`,`formSelectorSQLMaster`,`formSelectorSQLMember`,`permCOMMUNITYADMIN`,`permGROUPVIEWER`,`permGROUPEDITOR`,`permGROUPAPPROVER`,`permGROUPADMIN`,`permMASTERADMIN`,`permPUBLIC`,`permSYSADMIN`,`permSYSAPPROVER`,`permSYSEDITOR`,`permSYSLOGON`,`permSYSMEMBER`,`permUSERADMIN`,`reportField`,`reportFieldSpecial`,`reportFilter`,`reportFilterLabel`,`reportLabel`,`reportSortBy_AZ`,`reportSortBy_a`,`reportSortBy_d`,`required_feature`,`required_feature_invert`,`history_created_by`,`history_created_date`,`history_created_IP`,`history_modified_by`,`history_modified_date`,`history_modified_IP`) VALUES (1075871412,0,0,1,1098298172,'',101,'1.General','','text','xml:dis',0,'','',0,0,'District','','',0,0,0,0,0,2,1,2,2,2,1,1,0,'xml:dis','','xml:dis','District','Dis.',1,'xml:dis ASC','xml:dis DESC','',0,1,'2011-04-06 16:53:36','127.0.0.1',1,'2011-04-07 14:39:03','127.0.0.1');
  INSERT INTO `report_columns`         (`ID`,`archive`,`archiveID`,`systemID`,`reportID`,`group_assign_csv`,`seq`,`tab`,`defaultValue`,`fieldType`,`formField`,`formFieldHeight`,`formFieldSpecial`,`formFieldTooltip`,`formFieldUnique`,`formFieldWidth`,`formLabel`,`formSelectorSQLMaster`,`formSelectorSQLMember`,`permCOMMUNITYADMIN`,`permGROUPVIEWER`,`permGROUPEDITOR`,`permGROUPAPPROVER`,`permGROUPADMIN`,`permMASTERADMIN`,`permPUBLIC`,`permSYSADMIN`,`permSYSAPPROVER`,`permSYSEDITOR`,`permSYSLOGON`,`permSYSMEMBER`,`permUSERADMIN`,`reportField`,`reportFieldSpecial`,`reportFilter`,`reportFilterLabel`,`reportLabel`,`reportSortBy_AZ`,`reportSortBy_a`,`reportSortBy_d`,`required_feature`,`required_feature_invert`,`history_created_by`,`history_created_date`,`history_created_IP`,`history_modified_by`,`history_modified_date`,`history_modified_IP`) VALUES (469417486,0,0,1,1098298172,'',102,'1.General','','text','xml:type',0,'','',0,0,'Property Type','','',0,0,0,0,0,2,1,2,2,2,1,1,0,'xml:type','','xml:type','Property Type','Property<br />Type',1,'xml:type ASC','xml:type DESC','',0,1,'2011-04-06 16:53:36','127.0.0.1',1,'2011-04-07 14:39:03','127.0.0.1');
  INSERT INTO `report_columns`         (`ID`,`archive`,`archiveID`,`systemID`,`reportID`,`group_assign_csv`,`seq`,`tab`,`defaultValue`,`fieldType`,`formField`,`formFieldHeight`,`formFieldSpecial`,`formFieldTooltip`,`formFieldUnique`,`formFieldWidth`,`formLabel`,`formSelectorSQLMaster`,`formSelectorSQLMember`,`permCOMMUNITYADMIN`,`permGROUPVIEWER`,`permGROUPEDITOR`,`permGROUPAPPROVER`,`permGROUPADMIN`,`permMASTERADMIN`,`permPUBLIC`,`permSYSADMIN`,`permSYSAPPROVER`,`permSYSEDITOR`,`permSYSLOGON`,`permSYSMEMBER`,`permUSERADMIN`,`reportField`,`reportFieldSpecial`,`reportFilter`,`reportFilterLabel`,`reportLabel`,`reportSortBy_AZ`,`reportSortBy_a`,`reportSortBy_d`,`required_feature`,`required_feature_invert`,`history_created_by`,`history_created_date`,`history_created_IP`,`history_modified_by`,`history_modified_date`,`history_modified_IP`) VALUES (1869414248,0,0,1,1098298172,'',103,'1.General','','text','xml:style',0,'','',0,0,'Property Style','','',0,0,0,0,0,2,1,2,2,2,1,1,0,'xml:style','','xml:style','Property Style','Property<br />Style',1,'xml:style ASC','xml:style DESC','',0,1,'2011-04-06 16:53:36','127.0.0.1',1,'2011-04-07 14:39:03','127.0.0.1');
  INSERT INTO `report_columns`         (`ID`,`archive`,`archiveID`,`systemID`,`reportID`,`group_assign_csv`,`seq`,`tab`,`defaultValue`,`fieldType`,`formField`,`formFieldHeight`,`formFieldSpecial`,`formFieldTooltip`,`formFieldUnique`,`formFieldWidth`,`formLabel`,`formSelectorSQLMaster`,`formSelectorSQLMember`,`permCOMMUNITYADMIN`,`permGROUPVIEWER`,`permGROUPEDITOR`,`permGROUPAPPROVER`,`permGROUPADMIN`,`permMASTERADMIN`,`permPUBLIC`,`permSYSADMIN`,`permSYSAPPROVER`,`permSYSEDITOR`,`permSYSLOGON`,`permSYSMEMBER`,`permUSERADMIN`,`reportField`,`reportFieldSpecial`,`reportFilter`,`reportFilterLabel`,`reportLabel`,`reportSortBy_AZ`,`reportSortBy_a`,`reportSortBy_d`,`required_feature`,`required_feature_invert`,`history_created_by`,`history_created_date`,`history_created_IP`,`history_modified_by`,`history_modified_date`,`history_modified_IP`) VALUES (70711303,0,0,1,1098298172,'',104,'1.General','','int','',0,'','',0,0,'','','',0,0,0,0,0,2,1,1,1,1,1,1,0,'rooms','','`rooms`','Rooms','Roo<br />ms',1,'`rooms` ASC','`rooms` DESC','',0,1,'2011-04-06 16:53:36','127.0.0.1',1,'2011-04-07 14:39:03','127.0.0.1');
  INSERT INTO `report_columns`         (`ID`,`archive`,`archiveID`,`systemID`,`reportID`,`group_assign_csv`,`seq`,`tab`,`defaultValue`,`fieldType`,`formField`,`formFieldHeight`,`formFieldSpecial`,`formFieldTooltip`,`formFieldUnique`,`formFieldWidth`,`formLabel`,`formSelectorSQLMaster`,`formSelectorSQLMember`,`permCOMMUNITYADMIN`,`permGROUPVIEWER`,`permGROUPEDITOR`,`permGROUPAPPROVER`,`permGROUPADMIN`,`permMASTERADMIN`,`permPUBLIC`,`permSYSADMIN`,`permSYSAPPROVER`,`permSYSEDITOR`,`permSYSLOGON`,`permSYSMEMBER`,`permUSERADMIN`,`reportField`,`reportFieldSpecial`,`reportFilter`,`reportFilterLabel`,`reportLabel`,`reportSortBy_AZ`,`reportSortBy_a`,`reportSortBy_d`,`required_feature`,`required_feature_invert`,`history_created_by`,`history_created_date`,`history_created_IP`,`history_modified_by`,`history_modified_date`,`history_modified_IP`) VALUES (499453309,0,0,1,1098298172,'',105,'1.General','','int','xml:bedrooms',0,'','',0,40,'Bedrooms','','',0,0,0,0,0,2,1,2,2,2,1,1,0,'xml:bedrooms','','xml:bedrooms','Bedrooms','Bed<br />room',1,'xml:bedrooms ASC','xml:bedrooms DESC','',0,1,'2011-04-06 16:53:36','127.0.0.1',1,'2011-04-07 14:39:03','127.0.0.1');
  INSERT INTO `report_columns`         (`ID`,`archive`,`archiveID`,`systemID`,`reportID`,`group_assign_csv`,`seq`,`tab`,`defaultValue`,`fieldType`,`formField`,`formFieldHeight`,`formFieldSpecial`,`formFieldTooltip`,`formFieldUnique`,`formFieldWidth`,`formLabel`,`formSelectorSQLMaster`,`formSelectorSQLMember`,`permCOMMUNITYADMIN`,`permGROUPVIEWER`,`permGROUPEDITOR`,`permGROUPAPPROVER`,`permGROUPADMIN`,`permMASTERADMIN`,`permPUBLIC`,`permSYSADMIN`,`permSYSAPPROVER`,`permSYSEDITOR`,`permSYSLOGON`,`permSYSMEMBER`,`permUSERADMIN`,`reportField`,`reportFieldSpecial`,`reportFilter`,`reportFilterLabel`,`reportLabel`,`reportSortBy_AZ`,`reportSortBy_a`,`reportSortBy_d`,`required_feature`,`required_feature_invert`,`history_created_by`,`history_created_date`,`history_created_IP`,`history_modified_by`,`history_modified_date`,`history_modified_IP`) VALUES (2072699247,0,0,1,1098298172,'',106,'1.General','','int','xml:washrooms',0,'','',0,40,'Washrooms','','',0,0,0,0,0,2,1,2,2,2,1,1,0,'xml:washrooms','','xml:washrooms','Washrooms','Wash<br />rms',1,'xml:washrooms ASC','xml:washrooms DESC','',0,1,'2011-04-06 16:53:36','127.0.0.1',1,'2011-04-07 14:39:03','127.0.0.1');
  INSERT INTO `report_columns`         (`ID`,`archive`,`archiveID`,`systemID`,`reportID`,`group_assign_csv`,`seq`,`tab`,`defaultValue`,`fieldType`,`formField`,`formFieldHeight`,`formFieldSpecial`,`formFieldTooltip`,`formFieldUnique`,`formFieldWidth`,`formLabel`,`formSelectorSQLMaster`,`formSelectorSQLMember`,`permCOMMUNITYADMIN`,`permGROUPVIEWER`,`permGROUPEDITOR`,`permGROUPAPPROVER`,`permGROUPADMIN`,`permMASTERADMIN`,`permPUBLIC`,`permSYSADMIN`,`permSYSAPPROVER`,`permSYSEDITOR`,`permSYSLOGON`,`permSYSMEMBER`,`permUSERADMIN`,`reportField`,`reportFieldSpecial`,`reportFilter`,`reportFilterLabel`,`reportLabel`,`reportSortBy_AZ`,`reportSortBy_a`,`reportSortBy_d`,`required_feature`,`required_feature_invert`,`history_created_by`,`history_created_date`,`history_created_IP`,`history_modified_by`,`history_modified_date`,`history_modified_IP`) VALUES (2092362121,0,0,1,1098298172,'',107,'1.General','','int','xml:fam',0,'','',0,40,'Family Rooms','','',0,0,0,0,0,2,1,2,2,2,1,1,0,'xml:fam','','xml:fam','Family Rooms','Fam<br />room',1,'xml:fam ASC','xml:fam DESC','',0,1,'2011-04-06 16:53:36','127.0.0.1',1,'2011-04-07 14:39:03','127.0.0.1');
  INSERT INTO `report_columns`         (`ID`,`archive`,`archiveID`,`systemID`,`reportID`,`group_assign_csv`,`seq`,`tab`,`defaultValue`,`fieldType`,`formField`,`formFieldHeight`,`formFieldSpecial`,`formFieldTooltip`,`formFieldUnique`,`formFieldWidth`,`formLabel`,`formSelectorSQLMaster`,`formSelectorSQLMember`,`permCOMMUNITYADMIN`,`permGROUPVIEWER`,`permGROUPEDITOR`,`permGROUPAPPROVER`,`permGROUPADMIN`,`permMASTERADMIN`,`permPUBLIC`,`permSYSADMIN`,`permSYSAPPROVER`,`permSYSEDITOR`,`permSYSLOGON`,`permSYSMEMBER`,`permUSERADMIN`,`reportField`,`reportFieldSpecial`,`reportFilter`,`reportFilterLabel`,`reportLabel`,`reportSortBy_AZ`,`reportSortBy_a`,`reportSortBy_d`,`required_feature`,`required_feature_invert`,`history_created_by`,`history_created_date`,`history_created_IP`,`history_modified_by`,`history_modified_date`,`history_modified_IP`) VALUES (1271315759,0,0,1,1098298172,'',108,'1.General','','int','xml:kit',0,'','',0,40,'Kitchens','','',0,0,0,0,0,2,1,2,2,2,1,1,0,'xml:kit','','xml:kit','Kitchens','kit<br />chen',1,'xml:kit ASC','xml:kit DESC','',0,1,'2011-04-06 16:53:36','127.0.0.1',1,'2011-04-07 14:39:03','127.0.0.1');
  INSERT INTO `report_columns`         (`ID`,`archive`,`archiveID`,`systemID`,`reportID`,`group_assign_csv`,`seq`,`tab`,`defaultValue`,`fieldType`,`formField`,`formFieldHeight`,`formFieldSpecial`,`formFieldTooltip`,`formFieldUnique`,`formFieldWidth`,`formLabel`,`formSelectorSQLMaster`,`formSelectorSQLMember`,`permCOMMUNITYADMIN`,`permGROUPVIEWER`,`permGROUPEDITOR`,`permGROUPAPPROVER`,`permGROUPADMIN`,`permMASTERADMIN`,`permPUBLIC`,`permSYSADMIN`,`permSYSAPPROVER`,`permSYSEDITOR`,`permSYSLOGON`,`permSYSMEMBER`,`permUSERADMIN`,`reportField`,`reportFieldSpecial`,`reportFilter`,`reportFilterLabel`,`reportLabel`,`reportSortBy_AZ`,`reportSortBy_a`,`reportSortBy_d`,`required_feature`,`required_feature_invert`,`history_created_by`,`history_created_date`,`history_created_IP`,`history_modified_by`,`history_modified_date`,`history_modified_IP`) VALUES (333601646,0,0,1,1098298172,'',109,'1.General','','text','xml:gartype',0,'','',0,0,'Garage Type','','',0,0,0,0,0,2,1,2,2,2,1,1,0,'xml:gartype','','xml:gartype','Garage Type','Garage<br />Type',1,'xml:gartype ASC','xml:gartype DESC','',0,1,'2011-04-06 16:53:36','127.0.0.1',1,'2011-04-07 14:39:03','127.0.0.1');
  INSERT INTO `report_columns`         (`ID`,`archive`,`archiveID`,`systemID`,`reportID`,`group_assign_csv`,`seq`,`tab`,`defaultValue`,`fieldType`,`formField`,`formFieldHeight`,`formFieldSpecial`,`formFieldTooltip`,`formFieldUnique`,`formFieldWidth`,`formLabel`,`formSelectorSQLMaster`,`formSelectorSQLMember`,`permCOMMUNITYADMIN`,`permGROUPVIEWER`,`permGROUPEDITOR`,`permGROUPAPPROVER`,`permGROUPADMIN`,`permMASTERADMIN`,`permPUBLIC`,`permSYSADMIN`,`permSYSAPPROVER`,`permSYSEDITOR`,`permSYSLOGON`,`permSYSMEMBER`,`permUSERADMIN`,`reportField`,`reportFieldSpecial`,`reportFilter`,`reportFilterLabel`,`reportLabel`,`reportSortBy_AZ`,`reportSortBy_a`,`reportSortBy_d`,`required_feature`,`required_feature_invert`,`history_created_by`,`history_created_date`,`history_created_IP`,`history_modified_by`,`history_modified_date`,`history_modified_IP`) VALUES (1683342501,0,0,1,1098298172,'',110,'1.General','','text','xml:cac',0,'','',0,0,'Central Air Cond.','','',0,0,0,0,0,2,1,2,2,2,1,1,0,'xml:cac','','xml:cac','Central Air Conditioning','Cent.<br />Air<br />Cond.',1,'xml:cac ASC','xml:cac DESC','',0,1,'2011-04-06 16:53:36','127.0.0.1',1,'2011-04-07 14:39:03','127.0.0.1');
  INSERT INTO `report_columns`         (`ID`,`archive`,`archiveID`,`systemID`,`reportID`,`group_assign_csv`,`seq`,`tab`,`defaultValue`,`fieldType`,`formField`,`formFieldHeight`,`formFieldSpecial`,`formFieldTooltip`,`formFieldUnique`,`formFieldWidth`,`formLabel`,`formSelectorSQLMaster`,`formSelectorSQLMember`,`permCOMMUNITYADMIN`,`permGROUPVIEWER`,`permGROUPEDITOR`,`permGROUPAPPROVER`,`permGROUPADMIN`,`permMASTERADMIN`,`permPUBLIC`,`permSYSADMIN`,`permSYSAPPROVER`,`permSYSEDITOR`,`permSYSLOGON`,`permSYSMEMBER`,`permUSERADMIN`,`reportField`,`reportFieldSpecial`,`reportFilter`,`reportFilterLabel`,`reportLabel`,`reportSortBy_AZ`,`reportSortBy_a`,`reportSortBy_d`,`required_feature`,`required_feature_invert`,`history_created_by`,`history_created_date`,`history_created_IP`,`history_modified_by`,`history_modified_date`,`history_modified_IP`) VALUES (1426099635,0,0,1,1098298172,'',111,'1.General','','text','xml:heat',0,'','',0,0,'Heating','','',0,0,0,0,0,2,1,2,2,2,1,1,0,'xml:heat','','xml:heat','Heating','Heating',1,'xml:heat ASC','xml:heat DESC','',0,1,'2011-04-06 16:53:36','127.0.0.1',1,'2011-04-07 14:39:03','127.0.0.1');
  INSERT INTO `report_columns`         (`ID`,`archive`,`archiveID`,`systemID`,`reportID`,`group_assign_csv`,`seq`,`tab`,`defaultValue`,`fieldType`,`formField`,`formFieldHeight`,`formFieldSpecial`,`formFieldTooltip`,`formFieldUnique`,`formFieldWidth`,`formLabel`,`formSelectorSQLMaster`,`formSelectorSQLMember`,`permCOMMUNITYADMIN`,`permGROUPVIEWER`,`permGROUPEDITOR`,`permGROUPAPPROVER`,`permGROUPADMIN`,`permMASTERADMIN`,`permPUBLIC`,`permSYSADMIN`,`permSYSAPPROVER`,`permSYSEDITOR`,`permSYSLOGON`,`permSYSMEMBER`,`permUSERADMIN`,`reportField`,`reportFieldSpecial`,`reportFilter`,`reportFilterLabel`,`reportLabel`,`reportSortBy_AZ`,`reportSortBy_a`,`reportSortBy_d`,`required_feature`,`required_feature_invert`,`history_created_by`,`history_created_date`,`history_created_IP`,`history_modified_by`,`history_modified_date`,`history_modified_IP`) VALUES (415522892,0,0,1,1098298172,'',112,'1.General','','textarea','xml:openhouse',40,'','',0,0,'Open House Schedule','','',0,0,0,0,0,2,1,2,2,2,1,1,0,'xml:openhouse','','xml:openhouse','Open House Schedule','Open House',1,'xml:openhouse ASC','xml:openhouse DESC','',0,1,'2011-05-04 16:29:47','127.0.0.1',1,'2011-05-04 16:30:51','127.0.0.1');
  INSERT INTO `report_columns`         (`ID`,`archive`,`archiveID`,`systemID`,`reportID`,`group_assign_csv`,`seq`,`tab`,`defaultValue`,`fieldType`,`formField`,`formFieldHeight`,`formFieldSpecial`,`formFieldTooltip`,`formFieldUnique`,`formFieldWidth`,`formLabel`,`formSelectorSQLMaster`,`formSelectorSQLMember`,`permCOMMUNITYADMIN`,`permGROUPVIEWER`,`permGROUPEDITOR`,`permGROUPAPPROVER`,`permGROUPADMIN`,`permMASTERADMIN`,`permPUBLIC`,`permSYSADMIN`,`permSYSAPPROVER`,`permSYSEDITOR`,`permSYSLOGON`,`permSYSMEMBER`,`permUSERADMIN`,`reportField`,`reportFieldSpecial`,`reportFilter`,`reportFilterLabel`,`reportLabel`,`reportSortBy_AZ`,`reportSortBy_a`,`reportSortBy_d`,`required_feature`,`required_feature_invert`,`history_created_by`,`history_created_date`,`history_created_IP`,`history_modified_by`,`history_modified_date`,`history_modified_IP`) VALUES (1386153253,0,0,1,1098298172,'',200,'2.Location','','text','xml:streetaddress',0,'','',0,0,'Street Address','','',0,0,0,0,0,2,1,1,1,1,1,1,0,'xml:streetaddress','','xml:streetaddress','Address','Address',1,'xml:streetaddress ASC','xml:streetaddress DESC','',0,1,'2011-04-06 16:53:36','127.0.0.1',1,'2012-01-18 18:51:43','127.0.0.1');
  INSERT INTO `report_columns`         (`ID`,`archive`,`archiveID`,`systemID`,`reportID`,`group_assign_csv`,`seq`,`tab`,`defaultValue`,`fieldType`,`formField`,`formFieldHeight`,`formFieldSpecial`,`formFieldTooltip`,`formFieldUnique`,`formFieldWidth`,`formLabel`,`formSelectorSQLMaster`,`formSelectorSQLMember`,`permCOMMUNITYADMIN`,`permGROUPVIEWER`,`permGROUPEDITOR`,`permGROUPAPPROVER`,`permGROUPADMIN`,`permMASTERADMIN`,`permPUBLIC`,`permSYSADMIN`,`permSYSAPPROVER`,`permSYSEDITOR`,`permSYSLOGON`,`permSYSMEMBER`,`permUSERADMIN`,`reportField`,`reportFieldSpecial`,`reportFilter`,`reportFilterLabel`,`reportLabel`,`reportSortBy_AZ`,`reportSortBy_a`,`reportSortBy_d`,`required_feature`,`required_feature_invert`,`history_created_by`,`history_created_date`,`history_created_IP`,`history_modified_by`,`history_modified_date`,`history_modified_IP`) VALUES (109292748,0,0,1,1098298172,'',201,'2.Location','0','text','map_location',0,'','',0,0,'Map Location','','',0,0,0,0,0,2,1,2,2,2,1,1,0,'map_location','','`postings`.`map_location`','Map Location','Map<br />Loc',1,'`postings`.`map_location` ASC','`postings`.`map_location` DESC','',0,1,'2011-04-06 16:53:36','127.0.0.1',1,'2012-01-18 18:54:21','127.0.0.1');
  INSERT INTO `report_columns`         (`ID`,`archive`,`archiveID`,`systemID`,`reportID`,`group_assign_csv`,`seq`,`tab`,`defaultValue`,`fieldType`,`formField`,`formFieldHeight`,`formFieldSpecial`,`formFieldTooltip`,`formFieldUnique`,`formFieldWidth`,`formLabel`,`formSelectorSQLMaster`,`formSelectorSQLMember`,`permCOMMUNITYADMIN`,`permGROUPVIEWER`,`permGROUPEDITOR`,`permGROUPAPPROVER`,`permGROUPADMIN`,`permMASTERADMIN`,`permPUBLIC`,`permSYSADMIN`,`permSYSAPPROVER`,`permSYSEDITOR`,`permSYSLOGON`,`permSYSMEMBER`,`permUSERADMIN`,`reportField`,`reportFieldSpecial`,`reportFilter`,`reportFilterLabel`,`reportLabel`,`reportSortBy_AZ`,`reportSortBy_a`,`reportSortBy_d`,`required_feature`,`required_feature_invert`,`history_created_by`,`history_created_date`,`history_created_IP`,`history_modified_by`,`history_modified_date`,`history_modified_IP`) VALUES (1275038337,0,0,1,1098298172,'',202,'2.Location','','text','map_lat',0,'','',0,0,'Latitude','','',0,0,0,0,0,2,1,2,2,2,1,1,0,'map_lat','','`postings`.`map_lat`','Lat','Lat',1,'`postings`.`map_lat` ASC','`postings`.`map_lat` DESC','',0,1,'2011-04-06 16:53:36','127.0.0.1',1,'2012-01-18 18:54:30','127.0.0.1');
  INSERT INTO `report_columns`         (`ID`,`archive`,`archiveID`,`systemID`,`reportID`,`group_assign_csv`,`seq`,`tab`,`defaultValue`,`fieldType`,`formField`,`formFieldHeight`,`formFieldSpecial`,`formFieldTooltip`,`formFieldUnique`,`formFieldWidth`,`formLabel`,`formSelectorSQLMaster`,`formSelectorSQLMember`,`permCOMMUNITYADMIN`,`permGROUPVIEWER`,`permGROUPEDITOR`,`permGROUPAPPROVER`,`permGROUPADMIN`,`permMASTERADMIN`,`permPUBLIC`,`permSYSADMIN`,`permSYSAPPROVER`,`permSYSEDITOR`,`permSYSLOGON`,`permSYSMEMBER`,`permUSERADMIN`,`reportField`,`reportFieldSpecial`,`reportFilter`,`reportFilterLabel`,`reportLabel`,`reportSortBy_AZ`,`reportSortBy_a`,`reportSortBy_d`,`required_feature`,`required_feature_invert`,`history_created_by`,`history_created_date`,`history_created_IP`,`history_modified_by`,`history_modified_date`,`history_modified_IP`) VALUES (1965556963,0,0,1,1098298172,'',203,'2.Location','','text','map_lon',0,'','',0,0,'Longitude','','',0,0,0,0,0,2,1,2,2,2,1,1,0,'map_lon','','`postings`.`map_lon`','Lon','Lon',1,'`postings`.`map_lon` ASC','`postings`.`map_lon` DESC','',0,1,'2011-04-06 16:53:36','127.0.0.1',1,'2012-01-18 18:54:47','127.0.0.1');
  INSERT INTO `report_columns`         (`ID`,`archive`,`archiveID`,`systemID`,`reportID`,`group_assign_csv`,`seq`,`tab`,`defaultValue`,`fieldType`,`formField`,`formFieldHeight`,`formFieldSpecial`,`formFieldTooltip`,`formFieldUnique`,`formFieldWidth`,`formLabel`,`formSelectorSQLMaster`,`formSelectorSQLMember`,`permCOMMUNITYADMIN`,`permGROUPVIEWER`,`permGROUPEDITOR`,`permGROUPAPPROVER`,`permGROUPADMIN`,`permMASTERADMIN`,`permPUBLIC`,`permSYSADMIN`,`permSYSAPPROVER`,`permSYSEDITOR`,`permSYSLOGON`,`permSYSMEMBER`,`permUSERADMIN`,`reportField`,`reportFieldSpecial`,`reportFilter`,`reportFilterLabel`,`reportLabel`,`reportSortBy_AZ`,`reportSortBy_a`,`reportSortBy_d`,`required_feature`,`required_feature_invert`,`history_created_by`,`history_created_date`,`history_created_IP`,`history_modified_by`,`history_modified_date`,`history_modified_IP`) VALUES (2095468274,0,0,1,1098298172,'',210,'2.Location','0','bool','xml:map_hide',0,'','',0,0,'Hide Map','','',0,0,0,0,0,2,1,2,2,2,1,1,0,'xml:map_hide','','xml:map_hide','Hide Map','Hide<br />Map',1,'xml:map_hide ASC','xml:map_hide DESC','',0,1,'2011-04-06 16:53:36','127.0.0.1',1,'2011-04-27 18:32:35','127.0.0.1');
  INSERT INTO `report_columns`         (`ID`,`archive`,`archiveID`,`systemID`,`reportID`,`group_assign_csv`,`seq`,`tab`,`defaultValue`,`fieldType`,`formField`,`formFieldHeight`,`formFieldSpecial`,`formFieldTooltip`,`formFieldUnique`,`formFieldWidth`,`formLabel`,`formSelectorSQLMaster`,`formSelectorSQLMember`,`permCOMMUNITYADMIN`,`permGROUPVIEWER`,`permGROUPEDITOR`,`permGROUPAPPROVER`,`permGROUPADMIN`,`permMASTERADMIN`,`permPUBLIC`,`permSYSADMIN`,`permSYSAPPROVER`,`permSYSEDITOR`,`permSYSLOGON`,`permSYSMEMBER`,`permUSERADMIN`,`reportField`,`reportFieldSpecial`,`reportFilter`,`reportFilterLabel`,`reportLabel`,`reportSortBy_AZ`,`reportSortBy_a`,`reportSortBy_d`,`required_feature`,`required_feature_invert`,`history_created_by`,`history_created_date`,`history_created_IP`,`history_modified_by`,`history_modified_date`,`history_modified_IP`) VALUES (1976174269,0,0,1,1098298172,'',211,'2.Location','','int','xml:lotfront',0,'','',0,0,'Lot Frontage','','',0,0,0,0,0,2,1,2,2,2,1,1,0,'','','xml:lotfront','Lot Frontage','',1,'','','',0,1,'2011-04-27 18:29:50','127.0.0.1',1,'2011-04-27 18:30:46','127.0.0.1');
  INSERT INTO `report_columns`         (`ID`,`archive`,`archiveID`,`systemID`,`reportID`,`group_assign_csv`,`seq`,`tab`,`defaultValue`,`fieldType`,`formField`,`formFieldHeight`,`formFieldSpecial`,`formFieldTooltip`,`formFieldUnique`,`formFieldWidth`,`formLabel`,`formSelectorSQLMaster`,`formSelectorSQLMember`,`permCOMMUNITYADMIN`,`permGROUPVIEWER`,`permGROUPEDITOR`,`permGROUPAPPROVER`,`permGROUPADMIN`,`permMASTERADMIN`,`permPUBLIC`,`permSYSADMIN`,`permSYSAPPROVER`,`permSYSEDITOR`,`permSYSLOGON`,`permSYSMEMBER`,`permUSERADMIN`,`reportField`,`reportFieldSpecial`,`reportFilter`,`reportFilterLabel`,`reportLabel`,`reportSortBy_AZ`,`reportSortBy_a`,`reportSortBy_d`,`required_feature`,`required_feature_invert`,`history_created_by`,`history_created_date`,`history_created_IP`,`history_modified_by`,`history_modified_date`,`history_modified_IP`) VALUES (1985360502,0,0,1,1098298172,'',212,'2.Location','','int','xml:lotdepth',0,'','',0,0,'Lot Depth','','',0,0,0,0,0,2,1,2,2,2,1,1,0,'','','xml:lotdepth','Lot Depth','',1,'','','',0,1,'2011-04-27 18:30:53','127.0.0.1',1,'2011-04-27 18:31:17','127.0.0.1');
  INSERT INTO `report_columns`         (`ID`,`archive`,`archiveID`,`systemID`,`reportID`,`group_assign_csv`,`seq`,`tab`,`defaultValue`,`fieldType`,`formField`,`formFieldHeight`,`formFieldSpecial`,`formFieldTooltip`,`formFieldUnique`,`formFieldWidth`,`formLabel`,`formSelectorSQLMaster`,`formSelectorSQLMember`,`permCOMMUNITYADMIN`,`permGROUPVIEWER`,`permGROUPEDITOR`,`permGROUPAPPROVER`,`permGROUPADMIN`,`permMASTERADMIN`,`permPUBLIC`,`permSYSADMIN`,`permSYSAPPROVER`,`permSYSEDITOR`,`permSYSLOGON`,`permSYSMEMBER`,`permUSERADMIN`,`reportField`,`reportFieldSpecial`,`reportFilter`,`reportFilterLabel`,`reportLabel`,`reportSortBy_AZ`,`reportSortBy_a`,`reportSortBy_d`,`required_feature`,`required_feature_invert`,`history_created_by`,`history_created_date`,`history_created_IP`,`history_modified_by`,`history_modified_date`,`history_modified_IP`) VALUES (1244821882,0,0,1,1098298172,'',213,'2.Location','','text','xml:lotsizecode',0,'','',0,0,'Lot Size Code','','',0,0,0,0,0,2,1,2,2,2,1,1,0,'','','xml:lotsizecode','Lot Size Code','',1,'','','',0,1,'2011-04-27 18:31:23','127.0.0.1',1,'2011-04-27 18:31:52','127.0.0.1');
  INSERT INTO `report_columns`         (`ID`,`archive`,`archiveID`,`systemID`,`reportID`,`group_assign_csv`,`seq`,`tab`,`defaultValue`,`fieldType`,`formField`,`formFieldHeight`,`formFieldSpecial`,`formFieldTooltip`,`formFieldUnique`,`formFieldWidth`,`formLabel`,`formSelectorSQLMaster`,`formSelectorSQLMember`,`permCOMMUNITYADMIN`,`permGROUPVIEWER`,`permGROUPEDITOR`,`permGROUPAPPROVER`,`permGROUPADMIN`,`permMASTERADMIN`,`permPUBLIC`,`permSYSADMIN`,`permSYSAPPROVER`,`permSYSEDITOR`,`permSYSLOGON`,`permSYSMEMBER`,`permUSERADMIN`,`reportField`,`reportFieldSpecial`,`reportFilter`,`reportFilterLabel`,`reportLabel`,`reportSortBy_AZ`,`reportSortBy_a`,`reportSortBy_d`,`required_feature`,`required_feature_invert`,`history_created_by`,`history_created_date`,`history_created_IP`,`history_modified_by`,`history_modified_date`,`history_modified_IP`) VALUES (1502891237,0,0,1,1098298172,'',215,'2.Publish','','importance','important',0,'','Important items may be shown above others - depends on display component setup',0,0,'Important','','',2,0,1,2,2,2,0,2,2,1,0,0,0,'important','','IF(`postings`.`important`=1,\'Y\',\'N\')','Important','[LBL]PEACH_important|90|Whether or not this item was flagged as \'important\'[/LBL]',0,'`postings`.`important` ASC','`postings`.`important` DESC','',0,1,'2011-05-13 17:42:39','127.0.0.1',1,'2011-05-13 17:44:09','127.0.0.1');
  INSERT INTO `report_columns`         (`ID`,`archive`,`archiveID`,`systemID`,`reportID`,`group_assign_csv`,`seq`,`tab`,`defaultValue`,`fieldType`,`formField`,`formFieldHeight`,`formFieldSpecial`,`formFieldTooltip`,`formFieldUnique`,`formFieldWidth`,`formLabel`,`formSelectorSQLMaster`,`formSelectorSQLMember`,`permCOMMUNITYADMIN`,`permGROUPVIEWER`,`permGROUPEDITOR`,`permGROUPAPPROVER`,`permGROUPADMIN`,`permMASTERADMIN`,`permPUBLIC`,`permSYSADMIN`,`permSYSAPPROVER`,`permSYSEDITOR`,`permSYSLOGON`,`permSYSMEMBER`,`permUSERADMIN`,`reportField`,`reportFieldSpecial`,`reportFilter`,`reportFilterLabel`,`reportLabel`,`reportSortBy_AZ`,`reportSortBy_a`,`reportSortBy_d`,`required_feature`,`required_feature_invert`,`history_created_by`,`history_created_date`,`history_created_IP`,`history_modified_by`,`history_modified_date`,`history_modified_IP`) VALUES (1460697114,0,0,1,1098298172,'',301,'3.Content','','html_with_text','content',260,'Article','',0,0,'Content','','',0,0,2,2,2,2,0,2,2,2,0,0,0,'content','','`postings`.`content`','Content','Content',1,'`postings`.`content` ASC','`postings`.`content` DESC','',0,1,'2011-04-27 21:03:27','127.0.0.1',1,'2011-04-27 21:13:57','127.0.0.1');
  INSERT INTO `report_columns`         (`ID`,`archive`,`archiveID`,`systemID`,`reportID`,`group_assign_csv`,`seq`,`tab`,`defaultValue`,`fieldType`,`formField`,`formFieldHeight`,`formFieldSpecial`,`formFieldTooltip`,`formFieldUnique`,`formFieldWidth`,`formLabel`,`formSelectorSQLMaster`,`formSelectorSQLMember`,`permCOMMUNITYADMIN`,`permGROUPVIEWER`,`permGROUPEDITOR`,`permGROUPAPPROVER`,`permGROUPADMIN`,`permMASTERADMIN`,`permPUBLIC`,`permSYSADMIN`,`permSYSAPPROVER`,`permSYSEDITOR`,`permSYSLOGON`,`permSYSMEMBER`,`permUSERADMIN`,`reportField`,`reportFieldSpecial`,`reportFilter`,`reportFilterLabel`,`reportLabel`,`reportSortBy_AZ`,`reportSortBy_a`,`reportSortBy_d`,`required_feature`,`required_feature_invert`,`history_created_by`,`history_created_date`,`history_created_IP`,`history_modified_by`,`history_modified_date`,`history_modified_IP`) VALUES (781193265,0,0,1,1098298172,'',301,'3.Descriptions','','textarea','xml:remarksforclients',120,'','',0,0,'Remarks for Clients','','',0,0,0,0,0,2,1,2,2,2,1,1,0,'','','xml:remarksforclients','Remarks for Clients','',0,'','','',0,1,'2011-04-06 16:53:36','127.0.0.1',1,'2011-04-07 14:39:03','127.0.0.1');
  INSERT INTO `report_columns`         (`ID`,`archive`,`archiveID`,`systemID`,`reportID`,`group_assign_csv`,`seq`,`tab`,`defaultValue`,`fieldType`,`formField`,`formFieldHeight`,`formFieldSpecial`,`formFieldTooltip`,`formFieldUnique`,`formFieldWidth`,`formLabel`,`formSelectorSQLMaster`,`formSelectorSQLMember`,`permCOMMUNITYADMIN`,`permGROUPVIEWER`,`permGROUPEDITOR`,`permGROUPAPPROVER`,`permGROUPADMIN`,`permMASTERADMIN`,`permPUBLIC`,`permSYSADMIN`,`permSYSAPPROVER`,`permSYSEDITOR`,`permSYSLOGON`,`permSYSMEMBER`,`permUSERADMIN`,`reportField`,`reportFieldSpecial`,`reportFilter`,`reportFilterLabel`,`reportLabel`,`reportSortBy_AZ`,`reportSortBy_a`,`reportSortBy_d`,`required_feature`,`required_feature_invert`,`history_created_by`,`history_created_date`,`history_created_IP`,`history_modified_by`,`history_modified_date`,`history_modified_IP`) VALUES (1002612745,0,0,1,1098298172,'',302,'3.Descriptions','','textarea','xml:extras',120,'','',0,0,'Extras','','',0,0,0,0,0,2,1,2,2,2,1,1,0,'','','xml:extras','Extras','',0,'','','',0,1,'2011-04-06 16:53:36','127.0.0.1',1,'2011-04-07 14:39:03','127.0.0.1');
  INSERT INTO `report_columns`         (`ID`,`archive`,`archiveID`,`systemID`,`reportID`,`group_assign_csv`,`seq`,`tab`,`defaultValue`,`fieldType`,`formField`,`formFieldHeight`,`formFieldSpecial`,`formFieldTooltip`,`formFieldUnique`,`formFieldWidth`,`formLabel`,`formSelectorSQLMaster`,`formSelectorSQLMember`,`permCOMMUNITYADMIN`,`permGROUPVIEWER`,`permGROUPEDITOR`,`permGROUPAPPROVER`,`permGROUPADMIN`,`permMASTERADMIN`,`permPUBLIC`,`permSYSADMIN`,`permSYSAPPROVER`,`permSYSEDITOR`,`permSYSLOGON`,`permSYSMEMBER`,`permUSERADMIN`,`reportField`,`reportFieldSpecial`,`reportFilter`,`reportFilterLabel`,`reportLabel`,`reportSortBy_AZ`,`reportSortBy_a`,`reportSortBy_d`,`required_feature`,`required_feature_invert`,`history_created_by`,`history_created_date`,`history_created_IP`,`history_modified_by`,`history_modified_date`,`history_modified_IP`) VALUES (1589593191,0,0,1,1098298172,'',303,'3.Descriptions','','text','xml:virtualtoururl',0,'','',0,0,'Virtual Tour URL','','',0,0,0,0,0,2,0,2,2,2,0,0,0,'','','xml:virtualtoururl','Virtual Tour URL','',0,'','','',0,1,'2011-04-06 16:53:36','127.0.0.1',1,'2011-04-07 14:39:03','127.0.0.1');
  INSERT INTO `report_columns`         (`ID`,`archive`,`archiveID`,`systemID`,`reportID`,`group_assign_csv`,`seq`,`tab`,`defaultValue`,`fieldType`,`formField`,`formFieldHeight`,`formFieldSpecial`,`formFieldTooltip`,`formFieldUnique`,`formFieldWidth`,`formLabel`,`formSelectorSQLMaster`,`formSelectorSQLMember`,`permCOMMUNITYADMIN`,`permGROUPVIEWER`,`permGROUPEDITOR`,`permGROUPAPPROVER`,`permGROUPADMIN`,`permMASTERADMIN`,`permPUBLIC`,`permSYSADMIN`,`permSYSAPPROVER`,`permSYSEDITOR`,`permSYSLOGON`,`permSYSMEMBER`,`permUSERADMIN`,`reportField`,`reportFieldSpecial`,`reportFilter`,`reportFilterLabel`,`reportLabel`,`reportSortBy_AZ`,`reportSortBy_a`,`reportSortBy_d`,`required_feature`,`required_feature_invert`,`history_created_by`,`history_created_date`,`history_created_IP`,`history_modified_by`,`history_modified_date`,`history_modified_IP`) VALUES (1695460567,0,0,1,1098298172,'',400,'4.Image','','server_file_image','thumbnail_small',220,'','Picture to be used when this Listing is shown',0,0,'Image','','',0,0,2,2,2,2,0,2,2,2,0,0,0,'thumbnail_small','','`postings`.`thumbnail_small`','Image','Image',0,'`postings`.`thumbnail_small` ASC','`postings`.`thumbnail_small` DESC','',0,1,'2011-04-11 17:13:53','127.0.0.1',1,'2011-04-11 17:16:51','127.0.0.1');
  INSERT INTO `report_columns`         (`ID`,`archive`,`archiveID`,`systemID`,`reportID`,`group_assign_csv`,`seq`,`tab`,`defaultValue`,`fieldType`,`formField`,`formFieldHeight`,`formFieldSpecial`,`formFieldTooltip`,`formFieldUnique`,`formFieldWidth`,`formLabel`,`formSelectorSQLMaster`,`formSelectorSQLMember`,`permCOMMUNITYADMIN`,`permGROUPVIEWER`,`permGROUPEDITOR`,`permGROUPAPPROVER`,`permGROUPADMIN`,`permMASTERADMIN`,`permPUBLIC`,`permSYSADMIN`,`permSYSAPPROVER`,`permSYSEDITOR`,`permSYSLOGON`,`permSYSMEMBER`,`permUSERADMIN`,`reportField`,`reportFieldSpecial`,`reportFilter`,`reportFilterLabel`,`reportLabel`,`reportSortBy_AZ`,`reportSortBy_a`,`reportSortBy_d`,`required_feature`,`required_feature_invert`,`history_created_by`,`history_created_date`,`history_created_IP`,`history_modified_by`,`history_modified_date`,`history_modified_IP`) VALUES (23435024,0,0,1,1098298172,'',500,'5.Rooms','','iframe','',240,'./report/module.treb.rooms?print=2&selectID=','',0,0,'Rooms','','',0,0,0,0,0,2,2,2,2,2,2,2,0,'','','','','',0,'','','',0,1,'2011-04-06 16:53:36','127.0.0.1',1,'2011-04-27 18:21:03','127.0.0.1');
  INSERT INTO `report_columns`         (`ID`,`archive`,`archiveID`,`systemID`,`reportID`,`group_assign_csv`,`seq`,`tab`,`defaultValue`,`fieldType`,`formField`,`formFieldHeight`,`formFieldSpecial`,`formFieldTooltip`,`formFieldUnique`,`formFieldWidth`,`formLabel`,`formSelectorSQLMaster`,`formSelectorSQLMember`,`permCOMMUNITYADMIN`,`permGROUPVIEWER`,`permGROUPEDITOR`,`permGROUPAPPROVER`,`permGROUPADMIN`,`permMASTERADMIN`,`permPUBLIC`,`permSYSADMIN`,`permSYSAPPROVER`,`permSYSEDITOR`,`permSYSLOGON`,`permSYSMEMBER`,`permUSERADMIN`,`reportField`,`reportFieldSpecial`,`reportFilter`,`reportFilterLabel`,`reportLabel`,`reportSortBy_AZ`,`reportSortBy_a`,`reportSortBy_d`,`required_feature`,`required_feature_invert`,`history_created_by`,`history_created_date`,`history_created_IP`,`history_modified_by`,`history_modified_date`,`history_modified_IP`) VALUES (516756166,0,0,1,1098298172,'',901,'9.','','date','',0,'','',0,0,'','','',0,0,1,1,1,1,0,1,1,1,0,0,0,'history_created_date','','`postings`.`history_created_date`','Created Date','Created',0,'`postings`.`history_created_date`=\'0000-00-00\',\r\n`postings`.`history_created_date` ASC','`postings`.`history_created_date`=\'0000-00-00\',\r\n`postings`.`history_created_date` DESC','',0,1,'2011-04-11 15:34:54','127.0.0.1',1,'2011-04-11 15:35:20','127.0.0.1');
  INSERT INTO `report_columns`         (`ID`,`archive`,`archiveID`,`systemID`,`reportID`,`group_assign_csv`,`seq`,`tab`,`defaultValue`,`fieldType`,`formField`,`formFieldHeight`,`formFieldSpecial`,`formFieldTooltip`,`formFieldUnique`,`formFieldWidth`,`formLabel`,`formSelectorSQLMaster`,`formSelectorSQLMember`,`permCOMMUNITYADMIN`,`permGROUPVIEWER`,`permGROUPEDITOR`,`permGROUPAPPROVER`,`permGROUPADMIN`,`permMASTERADMIN`,`permPUBLIC`,`permSYSADMIN`,`permSYSAPPROVER`,`permSYSEDITOR`,`permSYSLOGON`,`permSYSMEMBER`,`permUSERADMIN`,`reportField`,`reportFieldSpecial`,`reportFilter`,`reportFilterLabel`,`reportLabel`,`reportSortBy_AZ`,`reportSortBy_a`,`reportSortBy_d`,`required_feature`,`required_feature_invert`,`history_created_by`,`history_created_date`,`history_created_IP`,`history_modified_by`,`history_modified_date`,`history_modified_IP`) VALUES (1024260185,0,0,1,1098298172,'',902,'9.','','date','',0,'','',0,0,'','','',0,0,1,1,1,1,0,1,1,1,0,0,0,'history_modified_date','','`postings`.`history_modified_date`','Modified Date','Modified',0,'`postings`.`history_modified_date`=\'0000-00-00\',\r\n`postings`.`history_modified_date` ASC','`postings`.`history_modified_date`=\'0000-00-00\',\r\n`postings`.`history_modified_date` DESC','',0,1,'2011-04-11 15:34:57','127.0.0.1',1,'2011-04-11 15:35:20','127.0.0.1');
  INSERT INTO `report_filter`          (`ID`,`archive`,`archiveID`,`systemID`,`destinationID`,`destinationType`,`label`,`reportID`,`seq`,`history_created_by`,`history_created_date`,`history_created_IP`,`history_modified_by`,`history_modified_date`,`history_modified_IP`) VALUES (27992463,0,0,1,0,'global','Featured',1098298172,0,1,'2011-05-04 16:32:25','127.0.0.1',1,'2011-05-04 16:32:50','127.0.0.1');
  INSERT INTO `report_filter`          (`ID`,`archive`,`archiveID`,`systemID`,`destinationID`,`destinationType`,`label`,`reportID`,`seq`,`history_created_by`,`history_created_date`,`history_created_IP`,`history_modified_by`,`history_modified_date`,`history_modified_IP`) VALUES (365833473,0,0,1,0,'global','(All)',1098298172,0,1,'2011-04-11 15:35:42','127.0.0.1',1,'2011-04-11 15:35:55','127.0.0.1');
  INSERT INTO `report_filter`          (`ID`,`archive`,`archiveID`,`systemID`,`destinationID`,`destinationType`,`label`,`reportID`,`seq`,`history_created_by`,`history_created_date`,`history_created_IP`,`history_modified_by`,`history_modified_date`,`history_modified_IP`) VALUES (621449064,0,0,1,0,'global','!Y',1098298172,0,1,'2011-05-13 20:26:32','127.0.0.1',1,'2011-05-13 20:26:39','127.0.0.1');
  INSERT INTO `report_filter`          (`ID`,`archive`,`archiveID`,`systemID`,`destinationID`,`destinationType`,`label`,`reportID`,`seq`,`history_created_by`,`history_created_date`,`history_created_IP`,`history_modified_by`,`history_modified_date`,`history_modified_IP`) VALUES (640312153,0,0,1,0,'global','Tour: No',1098298172,0,1,'2011-04-11 17:19:40','127.0.0.1',1,'2011-05-13 20:26:11','127.0.0.1');
  INSERT INTO `report_filter`          (`ID`,`archive`,`archiveID`,`systemID`,`destinationID`,`destinationType`,`label`,`reportID`,`seq`,`history_created_by`,`history_created_date`,`history_created_IP`,`history_modified_by`,`history_modified_date`,`history_modified_IP`) VALUES (871831235,0,0,1,0,'global','Open House: Yes',1098298172,0,1,'2011-05-04 16:32:40','127.0.0.1',1,'2011-05-13 20:25:26','127.0.0.1');
  INSERT INTO `report_filter`          (`ID`,`archive`,`archiveID`,`systemID`,`destinationID`,`destinationType`,`label`,`reportID`,`seq`,`history_created_by`,`history_created_date`,`history_created_IP`,`history_modified_by`,`history_modified_date`,`history_modified_IP`) VALUES (948540534,0,0,1,0,'global','Open House: No',1098298172,0,1,'2011-05-13 20:24:44','127.0.0.1',1,'2011-05-13 20:25:45','127.0.0.1');
  INSERT INTO `report_filter`          (`ID`,`archive`,`archiveID`,`systemID`,`destinationID`,`destinationType`,`label`,`reportID`,`seq`,`history_created_by`,`history_created_date`,`history_created_IP`,`history_modified_by`,`history_modified_date`,`history_modified_IP`) VALUES (1009894792,0,0,1,0,'global','!N',1098298172,0,1,'2011-05-13 20:26:46','127.0.0.1',1,'2011-05-13 20:26:52','127.0.0.1');
  INSERT INTO `report_filter`          (`ID`,`archive`,`archiveID`,`systemID`,`destinationID`,`destinationType`,`label`,`reportID`,`seq`,`history_created_by`,`history_created_date`,`history_created_IP`,`history_modified_by`,`history_modified_date`,`history_modified_IP`) VALUES (1209487452,0,0,1,0,'global','~Today',1098298172,0,1,'2011-04-11 15:36:22','127.0.0.1',1,'2011-04-11 15:36:32','127.0.0.1');
  INSERT INTO `report_filter`          (`ID`,`archive`,`archiveID`,`systemID`,`destinationID`,`destinationType`,`label`,`reportID`,`seq`,`history_created_by`,`history_created_date`,`history_created_IP`,`history_modified_by`,`history_modified_date`,`history_modified_IP`) VALUES (1294927561,0,0,1,0,'global','Commercial',1098298172,0,1,'2011-04-11 17:18:27','127.0.0.1',1,'2011-04-11 17:19:09','127.0.0.1');
  INSERT INTO `report_filter`          (`ID`,`archive`,`archiveID`,`systemID`,`destinationID`,`destinationType`,`label`,`reportID`,`seq`,`history_created_by`,`history_created_date`,`history_created_IP`,`history_modified_by`,`history_modified_date`,`history_modified_IP`) VALUES (1354512928,0,0,1,0,'global','Condo',1098298172,0,1,'2011-04-11 17:18:42','127.0.0.1',1,'2011-04-11 17:19:13','127.0.0.1');
  INSERT INTO `report_filter`          (`ID`,`archive`,`archiveID`,`systemID`,`destinationID`,`destinationType`,`label`,`reportID`,`seq`,`history_created_by`,`history_created_date`,`history_created_IP`,`history_modified_by`,`history_modified_date`,`history_modified_IP`) VALUES (1452126302,0,0,1,0,'global','+Today',1098298172,0,1,'2011-04-11 15:36:14','127.0.0.1',1,'2011-04-11 15:36:28','127.0.0.1');
  INSERT INTO `report_filter`          (`ID`,`archive`,`archiveID`,`systemID`,`destinationID`,`destinationType`,`label`,`reportID`,`seq`,`history_created_by`,`history_created_date`,`history_created_IP`,`history_modified_by`,`history_modified_date`,`history_modified_IP`) VALUES (1779119451,0,0,1,0,'global','Tour: Yes',1098298172,0,1,'2011-04-11 17:19:52','127.0.0.1',1,'2011-05-13 20:26:01','127.0.0.1');
  INSERT INTO `report_filter`          (`ID`,`archive`,`archiveID`,`systemID`,`destinationID`,`destinationType`,`label`,`reportID`,`seq`,`history_created_by`,`history_created_date`,`history_created_IP`,`history_modified_by`,`history_modified_date`,`history_modified_IP`) VALUES (1802918072,0,0,1,0,'global','Freehold',1098298172,0,1,'2011-04-11 17:19:01','127.0.0.1',1,'2011-04-11 17:19:17','127.0.0.1');
  INSERT INTO `report_filter_criteria` (`ID`,`archive`,`archiveID`,`systemID`,`filterID`,`filter_criterion`,`filter_matchmodeID`,`filter_seq`,`filter_value`,`history_created_by`,`history_created_date`,`history_created_IP`,`history_modified_by`,`history_modified_date`,`history_modified_IP`) VALUES (300462897,0,0,1,1009894792,'1502891237','1',1,'N',1,'2011-05-13 20:26:46','127.0.0.1',0,'0000-00-00 00:00:00','');
  INSERT INTO `report_filter_criteria` (`ID`,`archive`,`archiveID`,`systemID`,`filterID`,`filter_criterion`,`filter_matchmodeID`,`filter_seq`,`filter_value`,`history_created_by`,`history_created_date`,`history_created_IP`,`history_modified_by`,`history_modified_date`,`history_modified_IP`) VALUES (328713249,0,0,1,1802918072,'354031315','0',1,'Free',1,'2011-04-11 17:19:01','127.0.0.1',0,'0000-00-00 00:00:00','');
  INSERT INTO `report_filter_criteria` (`ID`,`archive`,`archiveID`,`systemID`,`filterID`,`filter_criterion`,`filter_matchmodeID`,`filter_seq`,`filter_value`,`history_created_by`,`history_created_date`,`history_created_IP`,`history_modified_by`,`history_modified_date`,`history_modified_IP`) VALUES (355739879,0,0,1,1294927561,'354031315','0',1,'Com',1,'2011-04-11 17:18:27','127.0.0.1',0,'0000-00-00 00:00:00','');
  INSERT INTO `report_filter_criteria` (`ID`,`archive`,`archiveID`,`systemID`,`filterID`,`filter_criterion`,`filter_matchmodeID`,`filter_seq`,`filter_value`,`history_created_by`,`history_created_date`,`history_created_IP`,`history_modified_by`,`history_modified_date`,`history_modified_IP`) VALUES (426598427,0,0,1,1779119451,'1589593191','2',1,'',1,'2011-04-11 17:19:52','127.0.0.1',0,'0000-00-00 00:00:00','');
  INSERT INTO `report_filter_criteria` (`ID`,`archive`,`archiveID`,`systemID`,`filterID`,`filter_criterion`,`filter_matchmodeID`,`filter_seq`,`filter_value`,`history_created_by`,`history_created_date`,`history_created_IP`,`history_modified_by`,`history_modified_date`,`history_modified_IP`) VALUES (857135992,0,0,1,871831235,'1743571342','0',1,'open-house',1,'2011-05-04 16:32:40','127.0.0.1',0,'0000-00-00 00:00:00','');
  INSERT INTO `report_filter_criteria` (`ID`,`archive`,`archiveID`,`systemID`,`filterID`,`filter_criterion`,`filter_matchmodeID`,`filter_seq`,`filter_value`,`history_created_by`,`history_created_date`,`history_created_IP`,`history_modified_by`,`history_modified_date`,`history_modified_IP`) VALUES (1105306173,0,0,1,640312153,'1589593191','1',1,'',1,'2011-04-11 17:19:40','127.0.0.1',0,'0000-00-00 00:00:00','');
  INSERT INTO `report_filter_criteria` (`ID`,`archive`,`archiveID`,`systemID`,`filterID`,`filter_criterion`,`filter_matchmodeID`,`filter_seq`,`filter_value`,`history_created_by`,`history_created_date`,`history_created_IP`,`history_modified_by`,`history_modified_date`,`history_modified_IP`) VALUES (1128982197,0,0,1,1354512928,'354031315','0',1,'Cond',1,'2011-04-11 17:18:42','127.0.0.1',0,'0000-00-00 00:00:00','');
  INSERT INTO `report_filter_criteria` (`ID`,`archive`,`archiveID`,`systemID`,`filterID`,`filter_criterion`,`filter_matchmodeID`,`filter_seq`,`filter_value`,`history_created_by`,`history_created_date`,`history_created_IP`,`history_modified_by`,`history_modified_date`,`history_modified_IP`) VALUES (1535111945,0,0,1,1452126302,'516756166','11',1,'TODAY',1,'2011-04-11 15:36:14','127.0.0.1',0,'0000-00-00 00:00:00','');
  INSERT INTO `report_filter_criteria` (`ID`,`archive`,`archiveID`,`systemID`,`filterID`,`filter_criterion`,`filter_matchmodeID`,`filter_seq`,`filter_value`,`history_created_by`,`history_created_date`,`history_created_IP`,`history_modified_by`,`history_modified_date`,`history_modified_IP`) VALUES (1613105335,0,0,1,365833473,'','',1,'',1,'2011-04-11 15:35:42','127.0.0.1',0,'0000-00-00 00:00:00','');
  INSERT INTO `report_filter_criteria` (`ID`,`archive`,`archiveID`,`systemID`,`filterID`,`filter_criterion`,`filter_matchmodeID`,`filter_seq`,`filter_value`,`history_created_by`,`history_created_date`,`history_created_IP`,`history_modified_by`,`history_modified_date`,`history_modified_IP`) VALUES (1772788837,0,0,1,27992463,'1743571342','0',1,'featured',1,'2011-05-04 16:32:25','127.0.0.1',0,'0000-00-00 00:00:00','');
  INSERT INTO `report_filter_criteria` (`ID`,`archive`,`archiveID`,`systemID`,`filterID`,`filter_criterion`,`filter_matchmodeID`,`filter_seq`,`filter_value`,`history_created_by`,`history_created_date`,`history_created_IP`,`history_modified_by`,`history_modified_date`,`history_modified_IP`) VALUES (2010820227,0,0,1,948540534,'1743571342','10',1,'open-house',1,'2011-05-13 20:24:44','127.0.0.1',0,'0000-00-00 00:00:00','');
  INSERT INTO `report_filter_criteria` (`ID`,`archive`,`archiveID`,`systemID`,`filterID`,`filter_criterion`,`filter_matchmodeID`,`filter_seq`,`filter_value`,`history_created_by`,`history_created_date`,`history_created_IP`,`history_modified_by`,`history_modified_date`,`history_modified_IP`) VALUES (2054411906,0,0,1,621449064,'1502891237','1',1,'Y',1,'2011-05-13 20:26:32','127.0.0.1',0,'0000-00-00 00:00:00','');
  INSERT INTO `report_filter_criteria` (`ID`,`archive`,`archiveID`,`systemID`,`filterID`,`filter_criterion`,`filter_matchmodeID`,`filter_seq`,`filter_value`,`history_created_by`,`history_created_date`,`history_created_IP`,`history_modified_by`,`history_modified_date`,`history_modified_IP`) VALUES (2102158964,0,0,1,1209487452,'1024260185','11',1,'TODAY',1,'2011-04-11 15:36:22','127.0.0.1',0,'0000-00-00 00:00:00','');
  INSERT INTO `report_settings`        (`ID`,`archive`,`archiveID`,`systemID`,`destinationID`,`destinationType`,`reportID`,`report_columns_csv`,`report_filters_csv`,`history_created_by`,`history_created_date`,`history_created_IP`,`history_modified_by`,`history_modified_date`,`history_modified_IP`) VALUES (38852180,0,0,1,0,'global',1098298172,'','365833473,621449064,1009894792,1452126302,1209487452,1294927561,1354512928,1802918072,871831235,948540534,1779119451,640312153,27992463',1,'2011-04-11 15:35:55','127.0.0.1',1,'2011-05-13 20:26:59','127.0.0.1');

  # TREB Listings Category List type
  INSERT INTO `listtype`               (`ID`,`archive`,`archiveID`,`systemID`,`name`,`history_created_by`,`history_created_date`,`history_created_IP`,`history_modified_by`,`history_modified_date`,`history_modified_IP`) VALUES (696209783,0,0,1,'module.treb.category',1,'2011-04-27 18:42:37','127.0.0.1',1,'0000-00-00 00:00:00','127.0.0.1');
  INSERT INTO `listdata`               (`ID`,`archive`,`archiveID`,`systemID`,`color_background`,`color_text`,`content`,`custom_1`,`custom_2`,`custom_3`,`custom_4`,`custom_5`,`isHeader`,`listTypeID`,`parentID`,`seq`,`textEnglish`,`thumbnail`,`value`,`history_created_by`,`history_created_date`,`history_created_IP`,`history_modified_by`,`history_modified_date`,`history_modified_IP`) VALUES (201810990,0,0,1,'80FF80','000000','','','','','','',0,696209783,0,3,'Open House','','open-house',81136619,'2011-05-02 14:50:32','208.124.251.194',1,'2011-05-04 16:26:04','127.0.0.1');
  INSERT INTO `listdata`               (`ID`,`archive`,`archiveID`,`systemID`,`color_background`,`color_text`,`content`,`custom_1`,`custom_2`,`custom_3`,`custom_4`,`custom_5`,`isHeader`,`listTypeID`,`parentID`,`seq`,`textEnglish`,`thumbnail`,`value`,`history_created_by`,`history_created_date`,`history_created_IP`,`history_modified_by`,`history_modified_date`,`history_modified_IP`) VALUES (447588369,0,0,1,'D0D0D0','000000','','','','','','',0,696209783,0,1,'(None)','','',1,'0000-00-00 00:00:00','127.0.0.1',1,'2011-04-27 18:42:48','127.0.0.1');
  INSERT INTO `listdata`               (`ID`,`archive`,`archiveID`,`systemID`,`color_background`,`color_text`,`content`,`custom_1`,`custom_2`,`custom_3`,`custom_4`,`custom_5`,`isHeader`,`listTypeID`,`parentID`,`seq`,`textEnglish`,`thumbnail`,`value`,`history_created_by`,`history_created_date`,`history_created_IP`,`history_modified_by`,`history_modified_date`,`history_modified_IP`) VALUES (933924119,0,0,1,'FFC0C0','000000','','','','','','',0,696209783,0,10,'Commercial','','Com',1,'2011-05-05 15:03:38','208.124.251.194',1,'2011-05-05 15:06:20','208.124.251.194');
  INSERT INTO `listdata`               (`ID`,`archive`,`archiveID`,`systemID`,`color_background`,`color_text`,`content`,`custom_1`,`custom_2`,`custom_3`,`custom_4`,`custom_5`,`isHeader`,`listTypeID`,`parentID`,`seq`,`textEnglish`,`thumbnail`,`value`,`history_created_by`,`history_created_date`,`history_created_IP`,`history_modified_by`,`history_modified_date`,`history_modified_IP`) VALUES (1679680660,0,0,1,'FFE9C1','000000','','','','','','',0,696209783,0,10,'Condo','','Condo',1,'2011-05-05 15:05:00','208.124.251.194',1,'2011-05-05 15:06:43','208.124.251.194');
  INSERT INTO `listdata`               (`ID`,`archive`,`archiveID`,`systemID`,`color_background`,`color_text`,`content`,`custom_1`,`custom_2`,`custom_3`,`custom_4`,`custom_5`,`isHeader`,`listTypeID`,`parentID`,`seq`,`textEnglish`,`thumbnail`,`value`,`history_created_by`,`history_created_date`,`history_created_IP`,`history_modified_by`,`history_modified_date`,`history_modified_IP`) VALUES (1907097654,0,0,1,'C1CBFF','000000','','','','','','',0,696209783,0,10,'Freehold','','Free',1,'2011-05-05 15:06:48','208.124.251.194',1,'2011-05-05 15:07:27','208.124.251.194');
  INSERT INTO `listdata`               (`ID`,`archive`,`archiveID`,`systemID`,`color_background`,`color_text`,`content`,`custom_1`,`custom_2`,`custom_3`,`custom_4`,`custom_5`,`isHeader`,`listTypeID`,`parentID`,`seq`,`textEnglish`,`thumbnail`,`value`,`history_created_by`,`history_created_date`,`history_created_IP`,`history_modified_by`,`history_modified_date`,`history_modified_IP`) VALUES (1987799430,0,0,1,'FFFF40','000000','','','','','','',0,696209783,0,2,'Featured','','featured',1,'0000-00-00 00:00:00','127.0.0.1',1,'2011-05-04 16:25:49','127.0.0.1');

  # TREB Rooms subreport
  INSERT INTO `report`                 (`ID`,`archive`,`archiveID`,`name`,`systemID`,`adminLink`,`adminLinkPosition`,`archiveChanges`,`description`,`formComponentID`,`formTitle`,`help`,`listTypeID`,`permCOMMUNITYADMIN`,`permGROUPVIEWER`,`permGROUPEDITOR`,`permGROUPAPPROVER`,`permGROUPADMIN`,`permMASTERADMIN`,`permPUBLIC`,`permSYSADMIN`,`permSYSAPPROVER`,`permSYSEDITOR`,`permSYSLOGON`,`permSYSMEMBER`,`popupFormHeight`,`popupFormWidth`,`primaryObject`,`primaryTable`,`reportComponentID`,`reportGroupBy`,`reportMembersGlobalEditors`,`reportSortBy`,`reportSQL_COMMUNITYADMIN`,`reportSQL_GROUPADMIN`,`reportSQL_MASTERADMIN`,`reportSQL_SYSADMIN`,`reportTitle`,`required_feature`,`history_created_by`,`history_created_date`,`history_created_IP`,`history_modified_by`,`history_modified_date`,`history_modified_IP`) VALUES (1372840809,0,0,'module.treb.rooms',1,'',0,0,'Room Listings',1,'Edit Room','',1,0,1,1,1,1,1,1,1,1,1,1,1,280,600,'TREB_Room','postings',1,'',1,1031227723,'','','SELECT\r\n  `postings`.*,\r\n  \'Edit\' AS `edit`\r\nFROM\r\n  `postings`\r\nWHERE\r\n  `postings`.`type` = \'treb-room\' AND\r\n  `postings`.`parentID` = SELECT_ID','SELECT\r\n  `postings`.*,\r\n  \'Edit\' AS `edit`\r\nFROM\r\n  `postings`\r\nWHERE\r\n  `postings`.`type` = \'treb-room\' AND\r\n  `postings`.`parentID` = SELECT_ID','View Rooms for Selected Listing','Treb',1,'2011-04-07 17:35:53','127.0.0.1',1,'2011-04-08 14:44:48','127.0.0.1');
  INSERT INTO `report_columns`         (`ID`,`archive`,`archiveID`,`systemID`,`reportID`,`group_assign_csv`,`seq`,`tab`,`defaultValue`,`fieldType`,`formField`,`formFieldHeight`,`formFieldSpecial`,`formFieldTooltip`,`formFieldUnique`,`formFieldWidth`,`formLabel`,`formSelectorSQLMaster`,`formSelectorSQLMember`,`permCOMMUNITYADMIN`,`permGROUPVIEWER`,`permGROUPEDITOR`,`permGROUPAPPROVER`,`permGROUPADMIN`,`permMASTERADMIN`,`permPUBLIC`,`permSYSADMIN`,`permSYSAPPROVER`,`permSYSEDITOR`,`permSYSLOGON`,`permSYSMEMBER`,`reportField`,`reportFieldSpecial`,`reportFilter`,`reportFilterLabel`,`reportLabel`,`reportSortBy_AZ`,`reportSortBy_a`,`reportSortBy_d`,`required_feature`,`required_feature_invert`,`history_created_by`,`history_created_date`,`history_created_IP`,`history_modified_by`,`history_modified_date`,`history_modified_IP`) VALUES (1222954608,0,0,1,1372840809,'',0,'','','selected_delete','',0,'','',0,0,'','','',0,0,0,0,0,2,0,2,2,2,0,0,'ID','','','','',0,'','','Treb',0,1,'2011-04-07 17:35:53','127.0.0.1',0,'0000-00-00 00:00:00','');
  INSERT INTO `report_columns`         (`ID`,`archive`,`archiveID`,`systemID`,`reportID`,`group_assign_csv`,`seq`,`tab`,`defaultValue`,`fieldType`,`formField`,`formFieldHeight`,`formFieldSpecial`,`formFieldTooltip`,`formFieldUnique`,`formFieldWidth`,`formLabel`,`formSelectorSQLMaster`,`formSelectorSQLMember`,`permCOMMUNITYADMIN`,`permGROUPVIEWER`,`permGROUPEDITOR`,`permGROUPAPPROVER`,`permGROUPADMIN`,`permMASTERADMIN`,`permPUBLIC`,`permSYSADMIN`,`permSYSAPPROVER`,`permSYSEDITOR`,`permSYSLOGON`,`permSYSMEMBER`,`reportField`,`reportFieldSpecial`,`reportFilter`,`reportFilterLabel`,`reportLabel`,`reportSortBy_AZ`,`reportSortBy_a`,`reportSortBy_d`,`required_feature`,`required_feature_invert`,`history_created_by`,`history_created_date`,`history_created_IP`,`history_modified_by`,`history_modified_date`,`history_modified_IP`) VALUES (1825772501,0,0,1,1372840809,'',0,'','','selected_export_sql','',0,'','',0,0,'','','',0,0,0,0,0,2,0,2,2,2,0,0,'','','','','',0,'','','Treb',0,1,'2011-04-07 17:35:53','127.0.0.1',0,'0000-00-00 00:00:00','');
  INSERT INTO `report_columns`         (`ID`,`archive`,`archiveID`,`systemID`,`reportID`,`group_assign_csv`,`seq`,`tab`,`defaultValue`,`fieldType`,`formField`,`formFieldHeight`,`formFieldSpecial`,`formFieldTooltip`,`formFieldUnique`,`formFieldWidth`,`formLabel`,`formSelectorSQLMaster`,`formSelectorSQLMember`,`permCOMMUNITYADMIN`,`permGROUPVIEWER`,`permGROUPEDITOR`,`permGROUPAPPROVER`,`permGROUPADMIN`,`permMASTERADMIN`,`permPUBLIC`,`permSYSADMIN`,`permSYSAPPROVER`,`permSYSEDITOR`,`permSYSLOGON`,`permSYSMEMBER`,`reportField`,`reportFieldSpecial`,`reportFilter`,`reportFilterLabel`,`reportLabel`,`reportSortBy_AZ`,`reportSortBy_a`,`reportSortBy_d`,`required_feature`,`required_feature_invert`,`history_created_by`,`history_created_date`,`history_created_IP`,`history_modified_by`,`history_modified_date`,`history_modified_IP`) VALUES (798256666,0,0,1,1372840809,'',0,'0.','','button_add_new','',0,'','',0,0,'','','',0,0,0,0,0,2,0,2,2,2,0,0,'','','','','',0,'','','Treb',0,1,'2011-04-07 17:35:53','127.0.0.1',0,'0000-00-00 00:00:00','');
  INSERT INTO `report_columns`         (`ID`,`archive`,`archiveID`,`systemID`,`reportID`,`group_assign_csv`,`seq`,`tab`,`defaultValue`,`fieldType`,`formField`,`formFieldHeight`,`formFieldSpecial`,`formFieldTooltip`,`formFieldUnique`,`formFieldWidth`,`formLabel`,`formSelectorSQLMaster`,`formSelectorSQLMember`,`permCOMMUNITYADMIN`,`permGROUPVIEWER`,`permGROUPEDITOR`,`permGROUPAPPROVER`,`permGROUPADMIN`,`permMASTERADMIN`,`permPUBLIC`,`permSYSADMIN`,`permSYSAPPROVER`,`permSYSEDITOR`,`permSYSLOGON`,`permSYSMEMBER`,`reportField`,`reportFieldSpecial`,`reportFilter`,`reportFilterLabel`,`reportLabel`,`reportSortBy_AZ`,`reportSortBy_a`,`reportSortBy_d`,`required_feature`,`required_feature_invert`,`history_created_by`,`history_created_date`,`history_created_IP`,`history_modified_by`,`history_modified_date`,`history_modified_IP`) VALUES (1448007567,0,0,1,1372840809,'',0,'0.','SYS_ID','selector','systemID',0,'','',0,0,'System','SELECT\r\n  `postings`.`systemID` AS `value`,\r\n  `system`.`textEnglish` AS `text`\r\nFROM\r\n  `postings`\r\nINNER JOIN `system` ON\r\n  `postings`.`systemID` = `system`.`ID`\r\nWHERE\r\n  `postings`.`ID` = SELECT_ID','SELECT\r\n  `postings`.`systemID` AS `value`,\r\n  `system`.`textEnglish` AS `text`\r\nFROM\r\n  `postings`\r\nINNER JOIN `system` ON\r\n  `postings`.`systemID` = `system`.`ID`\r\nWHERE\r\n  `postings`.`ID` = SELECT_ID',0,0,0,0,0,0,0,0,0,0,0,0,'','','','','',0,'','','Treb',0,1,'2011-04-07 17:35:53','127.0.0.1',1,'2011-04-08 14:57:37','127.0.0.1');
  INSERT INTO `report_columns`         (`ID`,`archive`,`archiveID`,`systemID`,`reportID`,`group_assign_csv`,`seq`,`tab`,`defaultValue`,`fieldType`,`formField`,`formFieldHeight`,`formFieldSpecial`,`formFieldTooltip`,`formFieldUnique`,`formFieldWidth`,`formLabel`,`formSelectorSQLMaster`,`formSelectorSQLMember`,`permCOMMUNITYADMIN`,`permGROUPVIEWER`,`permGROUPEDITOR`,`permGROUPAPPROVER`,`permGROUPADMIN`,`permMASTERADMIN`,`permPUBLIC`,`permSYSADMIN`,`permSYSAPPROVER`,`permSYSEDITOR`,`permSYSLOGON`,`permSYSMEMBER`,`reportField`,`reportFieldSpecial`,`reportFilter`,`reportFilterLabel`,`reportLabel`,`reportSortBy_AZ`,`reportSortBy_a`,`reportSortBy_d`,`required_feature`,`required_feature_invert`,`history_created_by`,`history_created_date`,`history_created_IP`,`history_modified_by`,`history_modified_date`,`history_modified_IP`) VALUES (1760770229,0,0,1,1372840809,'',0,'0.','','selectID','ID',0,'','',0,0,'','','',0,0,0,0,0,2,2,2,2,2,2,2,'','','','','',0,'','','Treb',0,1,'2011-04-07 17:35:53','127.0.0.1',0,'0000-00-00 00:00:00','');
  INSERT INTO `report_columns`         (`ID`,`archive`,`archiveID`,`systemID`,`reportID`,`group_assign_csv`,`seq`,`tab`,`defaultValue`,`fieldType`,`formField`,`formFieldHeight`,`formFieldSpecial`,`formFieldTooltip`,`formFieldUnique`,`formFieldWidth`,`formLabel`,`formSelectorSQLMaster`,`formSelectorSQLMember`,`permCOMMUNITYADMIN`,`permGROUPVIEWER`,`permGROUPEDITOR`,`permGROUPAPPROVER`,`permGROUPADMIN`,`permMASTERADMIN`,`permPUBLIC`,`permSYSADMIN`,`permSYSAPPROVER`,`permSYSEDITOR`,`permSYSLOGON`,`permSYSMEMBER`,`reportField`,`reportFieldSpecial`,`reportFilter`,`reportFilterLabel`,`reportLabel`,`reportSortBy_AZ`,`reportSortBy_a`,`reportSortBy_d`,`required_feature`,`required_feature_invert`,`history_created_by`,`history_created_date`,`history_created_IP`,`history_modified_by`,`history_modified_date`,`history_modified_IP`) VALUES (1843587557,0,0,1472921219,1372840809,'',0,'0.','treb-room','fixed','type',0,'','',0,0,'','','',0,0,0,0,0,0,0,0,0,0,0,0,'','','','','',0,'','','',0,1,'2011-04-08 15:00:28','127.0.0.1',0,'0000-00-00 00:00:00','');
  INSERT INTO `report_columns`         (`ID`,`archive`,`archiveID`,`systemID`,`reportID`,`group_assign_csv`,`seq`,`tab`,`defaultValue`,`fieldType`,`formField`,`formFieldHeight`,`formFieldSpecial`,`formFieldTooltip`,`formFieldUnique`,`formFieldWidth`,`formLabel`,`formSelectorSQLMaster`,`formSelectorSQLMember`,`permCOMMUNITYADMIN`,`permGROUPVIEWER`,`permGROUPEDITOR`,`permGROUPAPPROVER`,`permGROUPADMIN`,`permMASTERADMIN`,`permPUBLIC`,`permSYSADMIN`,`permSYSAPPROVER`,`permSYSEDITOR`,`permSYSLOGON`,`permSYSMEMBER`,`reportField`,`reportFieldSpecial`,`reportFilter`,`reportFilterLabel`,`reportLabel`,`reportSortBy_AZ`,`reportSortBy_a`,`reportSortBy_d`,`required_feature`,`required_feature_invert`,`history_created_by`,`history_created_date`,`history_created_IP`,`history_modified_by`,`history_modified_date`,`history_modified_IP`) VALUES (2016763625,0,0,1,1372840809,'',0,'0.','SELECT_ID','selector','parentID',0,'','',0,0,'TREB Listing','SELECT\r\n  `postings`.`ID` AS `value`,\r\n  `postings`.`name` AS `text`\r\nFROM\r\n  `postings`\r\nWHERE\r\n  `postings`.`ID` = SELECT_ID','SELECT\r\n  `postings`.`ID` AS `value`,\r\n  `postings`.`name` AS `text`\r\nFROM\r\n  `postings`\r\nWHERE\r\n  `postings`.`ID` = SELECT_ID',0,0,0,0,0,0,0,0,0,0,0,0,'','','','','',0,'','','Treb',0,1,'2011-04-07 17:35:53','127.0.0.1',1,'2011-04-08 14:55:47','127.0.0.1');
  INSERT INTO `report_columns`         (`ID`,`archive`,`archiveID`,`systemID`,`reportID`,`group_assign_csv`,`seq`,`tab`,`defaultValue`,`fieldType`,`formField`,`formFieldHeight`,`formFieldSpecial`,`formFieldTooltip`,`formFieldUnique`,`formFieldWidth`,`formLabel`,`formSelectorSQLMaster`,`formSelectorSQLMember`,`permCOMMUNITYADMIN`,`permGROUPVIEWER`,`permGROUPEDITOR`,`permGROUPAPPROVER`,`permGROUPADMIN`,`permMASTERADMIN`,`permPUBLIC`,`permSYSADMIN`,`permSYSAPPROVER`,`permSYSEDITOR`,`permSYSLOGON`,`permSYSMEMBER`,`reportField`,`reportFieldSpecial`,`reportFilter`,`reportFilterLabel`,`reportLabel`,`reportSortBy_AZ`,`reportSortBy_a`,`reportSortBy_d`,`required_feature`,`required_feature_invert`,`history_created_by`,`history_created_date`,`history_created_IP`,`history_modified_by`,`history_modified_date`,`history_modified_IP`) VALUES (759332133,0,0,1,1372840809,'',1,'0.','','checkbox','',0,'','',0,0,'','','',0,0,0,0,0,2,0,2,2,2,0,0,'ID','','','','',0,'','','Treb',0,1,'2011-04-07 17:35:53','127.0.0.1',0,'0000-00-00 00:00:00','');
  INSERT INTO `report_columns`         (`ID`,`archive`,`archiveID`,`systemID`,`reportID`,`group_assign_csv`,`seq`,`tab`,`defaultValue`,`fieldType`,`formField`,`formFieldHeight`,`formFieldSpecial`,`formFieldTooltip`,`formFieldUnique`,`formFieldWidth`,`formLabel`,`formSelectorSQLMaster`,`formSelectorSQLMember`,`permCOMMUNITYADMIN`,`permGROUPVIEWER`,`permGROUPEDITOR`,`permGROUPAPPROVER`,`permGROUPADMIN`,`permMASTERADMIN`,`permPUBLIC`,`permSYSADMIN`,`permSYSAPPROVER`,`permSYSEDITOR`,`permSYSLOGON`,`permSYSMEMBER`,`reportField`,`reportFieldSpecial`,`reportFilter`,`reportFilterLabel`,`reportLabel`,`reportSortBy_AZ`,`reportSortBy_a`,`reportSortBy_d`,`required_feature`,`required_feature_invert`,`history_created_by`,`history_created_date`,`history_created_IP`,`history_modified_by`,`history_modified_date`,`history_modified_IP`) VALUES (1992482166,0,0,1,1372840809,'',2,'0.','','edit','',0,'','',0,0,'','','',0,0,0,0,0,2,0,2,2,2,0,0,'edit','','','','Edit...',0,'','','Treb',0,1,'2011-04-07 17:35:53','127.0.0.1',0,'0000-00-00 00:00:00','');
  INSERT INTO `report_columns`         (`ID`,`archive`,`archiveID`,`systemID`,`reportID`,`group_assign_csv`,`seq`,`tab`,`defaultValue`,`fieldType`,`formField`,`formFieldHeight`,`formFieldSpecial`,`formFieldTooltip`,`formFieldUnique`,`formFieldWidth`,`formLabel`,`formSelectorSQLMaster`,`formSelectorSQLMember`,`permCOMMUNITYADMIN`,`permGROUPVIEWER`,`permGROUPEDITOR`,`permGROUPAPPROVER`,`permGROUPADMIN`,`permMASTERADMIN`,`permPUBLIC`,`permSYSADMIN`,`permSYSAPPROVER`,`permSYSEDITOR`,`permSYSLOGON`,`permSYSMEMBER`,`reportField`,`reportFieldSpecial`,`reportFilter`,`reportFilterLabel`,`reportLabel`,`reportSortBy_AZ`,`reportSortBy_a`,`reportSortBy_d`,`required_feature`,`required_feature_invert`,`history_created_by`,`history_created_date`,`history_created_IP`,`history_modified_by`,`history_modified_date`,`history_modified_IP`) VALUES (831690266,0,0,1,1372840809,'',3,'0.','','text','xml:level',0,'','',0,0,'Level','','',0,0,0,0,0,2,1,2,2,2,1,1,'xml:level','','xml:level','Level','Level',1,'xml:level ASC','xml:level DESC','Treb',0,1,'2011-04-07 17:35:53','127.0.0.1',1,'2011-04-08 14:45:52','127.0.0.1');
  INSERT INTO `report_columns`         (`ID`,`archive`,`archiveID`,`systemID`,`reportID`,`group_assign_csv`,`seq`,`tab`,`defaultValue`,`fieldType`,`formField`,`formFieldHeight`,`formFieldSpecial`,`formFieldTooltip`,`formFieldUnique`,`formFieldWidth`,`formLabel`,`formSelectorSQLMaster`,`formSelectorSQLMember`,`permCOMMUNITYADMIN`,`permGROUPVIEWER`,`permGROUPEDITOR`,`permGROUPAPPROVER`,`permGROUPADMIN`,`permMASTERADMIN`,`permPUBLIC`,`permSYSADMIN`,`permSYSAPPROVER`,`permSYSEDITOR`,`permSYSLOGON`,`permSYSMEMBER`,`reportField`,`reportFieldSpecial`,`reportFilter`,`reportFilterLabel`,`reportLabel`,`reportSortBy_AZ`,`reportSortBy_a`,`reportSortBy_d`,`required_feature`,`required_feature_invert`,`history_created_by`,`history_created_date`,`history_created_IP`,`history_modified_by`,`history_modified_date`,`history_modified_IP`) VALUES (114452900,0,0,1,1372840809,'',4,'0.','','text','xml:roomtype',0,'','',0,0,'Type','','',0,0,0,0,0,2,1,2,2,2,1,1,'xml:roomtype','','xml:roomtype','Type','Type',1,'xml:roomtype ASC','xml:roomtype DESC','Treb',0,1,'2011-04-07 17:35:53','127.0.0.1',1,'2011-04-08 14:46:09','127.0.0.1');
  INSERT INTO `report_columns`         (`ID`,`archive`,`archiveID`,`systemID`,`reportID`,`group_assign_csv`,`seq`,`tab`,`defaultValue`,`fieldType`,`formField`,`formFieldHeight`,`formFieldSpecial`,`formFieldTooltip`,`formFieldUnique`,`formFieldWidth`,`formLabel`,`formSelectorSQLMaster`,`formSelectorSQLMember`,`permCOMMUNITYADMIN`,`permGROUPVIEWER`,`permGROUPEDITOR`,`permGROUPAPPROVER`,`permGROUPADMIN`,`permMASTERADMIN`,`permPUBLIC`,`permSYSADMIN`,`permSYSAPPROVER`,`permSYSEDITOR`,`permSYSLOGON`,`permSYSMEMBER`,`reportField`,`reportFieldSpecial`,`reportFilter`,`reportFilterLabel`,`reportLabel`,`reportSortBy_AZ`,`reportSortBy_a`,`reportSortBy_d`,`required_feature`,`required_feature_invert`,`history_created_by`,`history_created_date`,`history_created_IP`,`history_modified_by`,`history_modified_date`,`history_modified_IP`) VALUES (1031227723,0,0,1,1372840809,'',5,'0.','','textarea','xml:description',0,'','',0,0,'Description','','',0,0,0,0,0,2,1,2,2,2,1,1,'xml:description','','xml:description','Description','Description',1,'xml:description ASC','xml:description DESC','Treb',0,1,'2011-04-07 17:35:53','127.0.0.1',1,'2011-04-08 14:45:33','127.0.0.1');
  INSERT INTO `report_columns`         (`ID`,`archive`,`archiveID`,`systemID`,`reportID`,`group_assign_csv`,`seq`,`tab`,`defaultValue`,`fieldType`,`formField`,`formFieldHeight`,`formFieldSpecial`,`formFieldTooltip`,`formFieldUnique`,`formFieldWidth`,`formLabel`,`formSelectorSQLMaster`,`formSelectorSQLMember`,`permCOMMUNITYADMIN`,`permGROUPVIEWER`,`permGROUPEDITOR`,`permGROUPAPPROVER`,`permGROUPADMIN`,`permMASTERADMIN`,`permPUBLIC`,`permSYSADMIN`,`permSYSAPPROVER`,`permSYSEDITOR`,`permSYSLOGON`,`permSYSMEMBER`,`reportField`,`reportFieldSpecial`,`reportFilter`,`reportFilterLabel`,`reportLabel`,`reportSortBy_AZ`,`reportSortBy_a`,`reportSortBy_d`,`required_feature`,`required_feature_invert`,`history_created_by`,`history_created_date`,`history_created_IP`,`history_modified_by`,`history_modified_date`,`history_modified_IP`) VALUES (2144634252,0,0,1,1372840809,'',6,'0.','','text','xml:length',0,'','',0,0,'Length (M)','','',0,0,0,0,0,2,1,2,2,2,1,1,'xml:length','','xml:length','Length (M)','Length (M)',0,'CAST(xml:length AS UNSIGNED) ASC','CAST(xml:length AS UNSIGNED) DESC','Treb',0,1,'2011-04-07 17:35:53','127.0.0.1',1,'2011-04-08 18:28:51','127.0.0.1');
  INSERT INTO `report_columns`         (`ID`,`archive`,`archiveID`,`systemID`,`reportID`,`group_assign_csv`,`seq`,`tab`,`defaultValue`,`fieldType`,`formField`,`formFieldHeight`,`formFieldSpecial`,`formFieldTooltip`,`formFieldUnique`,`formFieldWidth`,`formLabel`,`formSelectorSQLMaster`,`formSelectorSQLMember`,`permCOMMUNITYADMIN`,`permGROUPVIEWER`,`permGROUPEDITOR`,`permGROUPAPPROVER`,`permGROUPADMIN`,`permMASTERADMIN`,`permPUBLIC`,`permSYSADMIN`,`permSYSAPPROVER`,`permSYSEDITOR`,`permSYSLOGON`,`permSYSMEMBER`,`reportField`,`reportFieldSpecial`,`reportFilter`,`reportFilterLabel`,`reportLabel`,`reportSortBy_AZ`,`reportSortBy_a`,`reportSortBy_d`,`required_feature`,`required_feature_invert`,`history_created_by`,`history_created_date`,`history_created_IP`,`history_modified_by`,`history_modified_date`,`history_modified_IP`) VALUES (619831246,0,0,1,1372840809,'',7,'0.','','text','xml:width',0,'','',0,0,'Width (M)','','',0,0,0,0,0,2,1,2,2,2,1,1,'xml:width','','xml:width','Width (M)','Width (M)',0,'CAST(xml:width AS UNSIGNED) ASC','CAST(xml:width AS UNSIGNED) DESC','Treb',0,1,'2011-04-07 17:35:53','127.0.0.1',1,'2011-04-08 18:29:46','127.0.0.1');

  # TREB Module-Specific ECL tags:
  INSERT INTO `ecl_tags`               (`ID`,`archive`,`archiveID`,`systemID`,`description`,`for_email`,`for_layout`,`for_page`,`nameable`,`php`,`tag`,`seq`,`history_created_by`,`history_created_date`,`history_created_IP`,`history_modified_by`,`history_modified_date`,`history_modified_IP`) VALUES (823256807,0,0,1,'MODULE: TREB: Listings Report',0,0,1,0,'return Base::use_module(\'TREB\')->manage();','module.treb.listings',0,1,'2011-04-06 20:32:07','127.0.0.1',1,'2011-04-07 19:03:27','127.0.0.1');
  INSERT INTO `ecl_tags`               (`ID`,`archive`,`archiveID`,`systemID`,`description`,`for_email`,`for_layout`,`for_page`,`nameable`,`php`,`tag`,`seq`,`history_created_by`,`history_created_date`,`history_created_IP`,`history_modified_by`,`history_modified_date`,`history_modified_IP`) VALUES (1717264048,0,0,1,'MODULE: TREB: List > TREB Listings',0,1,1,1,'Base::use_module(\'TREB\');\r\n$Obj = new TREB;\r\nreturn $Obj->draw_listings($instance_name);','module.treb.list_treb_listings',0,1,'2011-04-15 16:09:55','127.0.0.1',1,'2011-04-15 16:13:11','127.0.0.1');

  # TREB Module-Specific Block Layout:
  INSERT INTO `block_layout`           (`ID`,`archive`,`archiveID`,`systemID`,`name`,`listings_css`,`listings_group_footer`,`listings_group_header`,`listings_group_separator`,`listings_item_detail`,`listings_item_separator`,`listings_panel_footer`,`listings_panel_header`,`single_item_css`,`single_item_detail`,`history_created_by`,`history_created_date`,`history_created_IP`,`history_modified_by`,`history_modified_date`,`history_modified_IP`) VALUES (489730715,0,0,1,'TREB Listing','/* [Block Layout: TREB Listing Listings] */\r\n.treb_listings .no_items             { padding: 5px; font-style:italic; }\r\n.treb_listings .date                 { padding: 0 0 0 0; font-weight: bold; }\r\n.treb_listings .item                 { padding: 5px; }\r\n.treb_listings .item .item_category  { font-size: 120%; font-weight: bold; font-style: italic; margin:0; }\r\n.treb_listings .item .item_price     { font-weight: bold; margin:0; }\r\n.treb_listings .item .item_category  { font-size: 120%; font-weight: bold; font-style: italic; margin:0; }\r\n.treb_listings .item .item_title a   { text-decoration: none; }\r\n.treb_listings .item .item_title a:hover { text-decoration: underline; }\r\n.treb_listings .item .item_subtitle  { font-size: 120%; margin:0; }\r\n.treb_listings .item .extra_fields   { }\r\n.treb_listings .item .item_body      { }\r\n.treb_listings .links                { float: right; }\r\n.treb_listings .links *              { float: left; }\r\n.treb_listings .links span           { text-align: center; font-size:8pt; width:8px; color:#888; }\r\n.treb_listings .item_separator       { padding: 0 0 0 0; }\r\n.treb_listings .thumbnail            { float: left; padding: 0 2px 2px 0; }\r\n.treb_listings .thumbnail img        { display: block; float: left; border: 1px solid #000080; }\r\n.treb_listings table td              { vertical-align: top; }\r\n.treb_listings .treb                 { float: right; font-size: 8pt; }\r\n.treb_listings .treb div             { padding: 0 2px; width: auto; }\r\n.treb_listings .treb_mls a           { float: left; font-size: 8pt; font-weight: bold; color: #0000ff;}\r\n.treb_listings .treb_price           { float: right; font-size: 8pt; font-weight: bold;}\r\n.treb_listings .treb_spec            { border: 1px solid #000080; border-bottom: none; background: #BDD5F1; }\r\n.treb_listings .treb_summary         { border: 1px solid #000080; background: #E5ECF4; }\r\n\r\n\r\n/* Paging control layout */\r\n.treb_listings .pnav                     { width: 100%; }\r\n.treb_listings .pnav td                  { text-align: center; padding: 1px; }\r\n.treb_listings .pnav_pn                  { width: 60px; }\r\n.treb_listings .pnav a                   { text-decoration: none; margin: 0 1px; }\r\n.treb_listings .pnav_pn a:hover          { text-decoration: underline; }\r\n.treb_listings .pnav_pn a.disabled,\r\n.treb_listings .pnav_pn a.disabled:hover { text-decoration: none; }\r\n.treb_listings .pnav_num a:hover         { margin: 0; }\r\n.treb_listings .pnav_num a.current,\r\n.treb_listings .pnav_num a.current:hover { font-weight: bold; margin: 1px; }\r\n\r\n/* Paging control colours */\r\n.treb_listings .pnav div                 { background-color: #ddf; border: 1px solid #88c; }\r\n.treb_listings .pnav a                   { color: #00f; }\r\n.treb_listings .pnav a.disabled,\r\n.treb_listings .pnav a.disabled:hover    { color: #888; }\r\n.treb_listings .pnav_num a:hover         { background-color: #ccf; border: 1px dashed #88f; }\r\n.treb_listings .pnav_num a.current,\r\n.treb_listings .pnav_num a.current:hover { background-color: #ccf; border: 1px solid #88f; }\r\n','[BL]grouping_tab_footer[/BL]','[BL]grouping_tab_header[/BL]','[BL]grouping_tab_separator_if_needed[/BL]','[BL]date_heading_if_changed[ARG]<div class=\'date\'>[ARG]</div>[/BL]\r\n<div class=\'item\'>\r\n  [BL]context_selection_start[/BL]\r\n    <div class=\'summary\'>\r\n      <table>\r\n        <tr>\r\n          <td>[BL]thumbnail_image_at_bottom[/BL]</td>\r\n          <td>\r\n          <div class=\'treb\'>\r\n            [BL]price[ARG]<div class=\'treb_price\'>[ARG]</div>[/BL]\r\n            [BL]title_linked[ARG]<div class=\'treb_mls\'>[ARG]</div>[/BL]\r\n          <br />\r\n          <div class=\'treb_spec\'>\r\n            [BL]field(\'xml:approxsquarefootage\')[ARG]<b>SqFt:</b> [/BL]\r\n            [BL]field(\'xml:bedrooms\')[ARG]<b>Beds:</b> [/BL]\r\n            [BL]field(\'xml:washrooms\')[ARG]<b>Baths:</b> [/BL]\r\n          </div>\r\n          <div class=\'treb_summary\'>\r\n            [BL]content_truncated[/BL]\r\n          </div>\r\n      <div class=\'clear\'> </div>\r\n      [BL]item_footer_component[/BL]\r\n    </div>\r\n</td></tr></table>\r\n      </div>\r\n    <div class=\'clr_b\'></div>\r\n  [BL]context_selection_end[/BL]\r\n  [BL]links_for_listings[ARG]<div class=\'links\'>[ARG]</div><div class=\'clr_b\'></div>[/BL]\r\n</div>\r\n<div class=\'clr_b\'></div>','<div class=\'item_separator\'></div>','[BL]paging_controls[/BL][BL]CP_footer[/BL]\r\n</div>','<div class=\'treb_listings\'>\r\n[BL]CP_header[/BL]\r\n[BL]paging_controls_current_position[/BL]\r\n[BL]paging_controls[/BL]','/* [Block Layout: TREB Listing Detail] */\r\n.treb_detail                { }\r\n.treb_detail .title         { float: left; }\r\n.treb_detail .title a       { }\r\n.treb_detail .subtitle      { }\r\n.treb_detail .subhead       { padding: 0 0 5px 0;}\r\n.treb_detail .author        { }\r\n.treb_detail .date          { }\r\n.treb_detail .time          { }\r\n.treb_detail .notice        { }\r\n.treb_detail .comments_link { }\r\n.treb_detail .extra_fields  { }\r\n.treb_detail .links         { }\r\n.treb_detail .links span    { float: left; text-align: center; font-size:8pt; width:8px; color:#888; }\r\n.treb_detail .treb_price    { float: right; font-size: 125%; font-weight: bold;}\r\n.treb_detail .treb_photo    { float: left; }\r\n.treb_detail .treb_photo img { border: 1px solid #404080; }\r\n.treb_detail .treb_photo .treb_photo_thumbs img {\r\n  display: block; float: left; margin: 2px 0 3px 5px; border: 1px solid #404080;\r\n}\r\n.treb_detail .treb_photo .treb_photo_thumbs img:hover { border: 1px solid #ff0000; }\r\n.treb_detail .treb_summary  { float: left; margin: 0 5px 10px 5px; }\r\n.treb_detail .treb_summary table { margin: 0; width: 276px; }\r\n.treb_detail .treb_summary table th { text-align: left; vertical-align: top; }\r\n.treb_detail .treb_summary table td { vertical-align: top; }\r\n.treb_detail .treb_actions  { float: none; border: 1px solid #8080ff; background: #e0e0ff; padding: 5px; margin: 0 0 10px 0; }\r\n.treb_detail .treb_actions a { color: #000080; text-decoration: none; font-weight: bold; }\r\n.treb_detail .treb_actions a:hover { color: #0000ff; text-decoration: underline; }\r\n.treb_detail .treb_open_house           { margin: 5px 0; }\r\n.treb_detail .treb_details              { margin: 5px 0; }\r\n\r\n\r\n.treb_detail .room_count    { margin: 10px 0 5px 0; }','<div class=\'treb_detail\'>\r\n  [BL]category[ARG]<h2 class=\'item_category\'>[ARG]</h2>[/BL]\r\n  [BL]title_linked[ARG]<h1 class=\'title\'>MLS #[ARG]</h1>[/BL]\r\n  [BL]price[ARG]<div class=\'treb_price\'>[ARG]</div>[/BL]\r\n  <div class=\'clear\'> </div>\r\n  [BL]subtitle[ARG]<h2 class=\'subtitle\'>[ARG]</h2>[/BL]\r\n  <div class=\'subhead\'>\r\n    [BL]author[ARG]<span class=\'author\'>[ARG]</span> | [/BL]\r\n    [BL]date[/BL]\r\n    [BL]comments_link[ARG][/BL]\r\n  </div>\r\n  [BL]extra_fields[ARG]<div class=\'extra_fields\'>[ARG]</div><div class=\'clr_b\'></div>[/BL]\r\n  [BL]photo[ARG]<div class=\'treb_photo\'>[ARG]</div>[/BL]\r\n  <div class=\'treb_summary\'>\r\n    <div class=\'treb_actions\'>\r\n      [BL]field(\'xml:virtualtoururl\')[ARG]<a rel=\"external\" title=\"Click for Virtual Tour\" href=\"[ARG]\">Click here</a> for a Virtual Tour<br />[/BL]\r\n      <a href=\"/contact/?subject=Question+concerning+MLS+Listing+[BL]field(\'title\')[/BL]\" rel=\"external\">Click here</a> to ask a question<br />\r\n      <a href=\"?command=email_to_friend\" onclick=\"return popup_email_to_friend(this.href);\">Click here</a> to email this page<br />\r\n      <a href=\"#\" onclick=\"toggleTextSize();return false;\">Click here</a> to resize text<br />\r\n      <a href=\"#\" onclick=\"print_friendly();return false;\">Click here</a> to print this page\r\n    </div>\r\n    [BL]detail_summary[/BL]\r\n  </div>\r\n  <div class=\'clear\'> </div>\r\n  [BL]field(\'xml:openhouse\')[ARG]<div class=\'treb_open_house\'><b>Open House Schedule:</b><br />[ARG]</div>[/BL]\r\n  [BL]field(\'xml:streetaddress\')[ARG]<div class=\'treb_open_house\'><b>Address:</b><br />[ARG]</div>[/BL]\r\n  [BL]content[ARG]<div class=\'content\'><b>Description:</b><br />[ARG]</div>[/BL]\r\n  [BL]room_count[ARG]<div class=\'room_count\'>[ARG]</div>[/BL]\r\n  [BL]room_listings[/BL]<br />\r\n  [BL]map[/BL]\r\n  [BL]item_footer_component[/BL]\r\n  [BL]rating[/BL]\r\n  [BL]keywords[/BL]\r\n  [BL]comments[/BL]\r\n</div>',1,'2011-04-15 16:33:14','127.0.0.1',1,'2011-05-06 11:36:56','208.124.251.194');
